"scenario","arm","week","metric","q025","q25","q50","q75","q975"
"DRC","baseline",0.5,"deaths",0,0,0.1,0.1,0.3
"DRC","baseline",0.5,"hcw_deaths",0,0,0,0,0
"DRC","baseline",0.5,"hcw_deaths_incidence",0,0,0,0,0
"DRC","baseline",0.5,"infections",31.1875,32.7,33.8,35.1,37.8125
"DRC","baseline",1.5,"deaths",3.4,4.2,4.6,5,6.0125
"DRC","baseline",1.5,"hcw_deaths",0,0,0,0,0
"DRC","baseline",1.5,"hcw_deaths_incidence",0,0,0,0,0
"DRC","baseline",1.5,"infections",14.3875,18.2,21.35,23.825,29.375
"DRC","baseline",2.5,"deaths",9.9,11.3,12.1,12.8,14.0125
"DRC","baseline",2.5,"hcw_deaths",0,0,0,0,0.2
"DRC","baseline",2.5,"hcw_deaths_incidence",0,0,0,0,0.2
"DRC","baseline",2.5,"infections",20.3875,26.2,28.9,32.65,40.0375
"DRC","baseline",3.5,"deaths",9.775,12.275,13.15,14.5,17.2
"DRC","baseline",3.5,"hcw_deaths",0,0,0.1,0.1,0.4
"DRC","baseline",3.5,"hcw_deaths_incidence",0,0,0,0.1,0.3125
"DRC","baseline",3.5,"infections",22.775,30.175,33.45,38.425,48.375
"DRC","baseline",4.5,"deaths",11.2875,14.5,16.3,18.125,22.125
"DRC","baseline",4.5,"hcw_deaths",0,0.1,0.2,0.4,0.7125
"DRC","baseline",4.5,"hcw_deaths_incidence",0,0.1,0.15,0.3,0.5125
"DRC","baseline",4.5,"infections",25.7625,34.85,39.7,44.725,56.7625
"DRC","baseline",5.5,"deaths",12.775,17.275,19.4,22.4,27.925
"DRC","baseline",5.5,"hcw_deaths",0.1,0.4,0.6,0.9,1.625
"DRC","baseline",5.5,"hcw_deaths_incidence",0,0.2,0.3,0.5,1.0125
"DRC","baseline",5.5,"infections",29.35,40.625,46.05,51.425,68.5875
"DRC","baseline",6.5,"deaths",14.9,20.475,23.2,26.05,32.5625
"DRC","baseline",6.5,"hcw_deaths",0.4,0.9,1.2,1.6,2.8
"DRC","baseline",6.5,"hcw_deaths_incidence",0.1,0.4,0.6,0.8,1.4125
"DRC","baseline",6.5,"infections",32.325,46.775,53.3,58.45,81.275
"DRC","baseline",7.5,"deaths",17.0375,23.925,26.8,30.6,38.325
"DRC","baseline",7.5,"hcw_deaths",0.8,1.5,1.8,2.425,4.1
"DRC","baseline",7.5,"hcw_deaths_incidence",0.2,0.4,0.7,1,1.5
"DRC","baseline",7.5,"infections",37.75,54.5,62.4,69.5,97.15
"DRC","baseline",8.5,"deaths",18.9625,27.375,31.1,34.625,48.45
"DRC","baseline",8.5,"hcw_deaths",1.4,2.3,2.8,3.5,5.35
"DRC","baseline",8.5,"hcw_deaths_incidence",0.3,0.7,0.9,1.2,2
"DRC","baseline",8.5,"infections",44.2,62.375,73.5,84.55,120.65
"DRC","baseline",9.5,"deaths",22.075,32.375,36.75,40.725,57.975
"DRC","baseline",9.5,"hcw_deaths",1.9,3.2,3.9,4.8,6.9125
"DRC","baseline",9.5,"hcw_deaths_incidence",0.3,0.8,1.1,1.4,2.1
"DRC","baseline",9.5,"infections",50.4375,69.1,83.5,95.025,136.2125
"DRC","baseline",10.5,"deaths",25.075,36.5,43.6,49.225,69.3
"DRC","baseline",10.5,"hcw_deaths",2.6875,4.375,5.15,6.3,8.8
"DRC","baseline",10.5,"hcw_deaths_incidence",0.4,0.9,1.2,1.6,2.3125
"DRC","baseline",10.5,"infections",51.2875,72.8,90.75,107.4,151.375
"DRC","baseline",11.5,"deaths",29.0375,41.95,49.15,56.45,78.95
"DRC","baseline",11.5,"hcw_deaths",3.4,5.3,6.4,7.85,11.025
"DRC","baseline",11.5,"hcw_deaths_incidence",0.3875,0.9,1.3,1.625,2.5
"DRC","baseline",11.5,"infections",53.3375,75.3,91.8,108.825,162.3
"DRC","baseline",12.5,"deaths",32.775,45.35,55.65,63.825,90.5625
"DRC","baseline",12.5,"hcw_deaths",4.3875,6.575,7.95,9.6,13.7125
"DRC","baseline",12.5,"hcw_deaths_incidence",0.6,1.1,1.6,2.025,3.0125
"DRC","baseline",12.5,"infections",44.6,72.275,87.8,103.225,154.25
"DRC","baseline",13.5,"deaths",30.25,43.625,51.8,62.125,88.025
"DRC","baseline",13.5,"hcw_deaths",5.2875,7.8,9.65,11.8,16.225
"DRC","baseline",13.5,"hcw_deaths_incidence",0.5,1.2,1.6,2,3.1375
"DRC","baseline",13.5,"infections",39.2875,66.2,80.35,95.65,145.875
"DRC","baseline",14.5,"deaths",24.925,40.9,48.45,57.25,86.575
"DRC","baseline",14.5,"hcw_deaths",6.2,9.2,11.35,13.5,19.8
"DRC","baseline",14.5,"hcw_deaths_incidence",0.6875,1.3,1.6,2.2,3.2
"DRC","baseline",14.5,"infections",34.55,60.225,73.05,89.6,137.5125
"DRC","baseline",15.5,"deaths",23.4875,38.05,46.15,55.125,85.25
"DRC","baseline",15.5,"hcw_deaths",7.325,10.8,13.25,15.5,22.2625
"DRC","baseline",15.5,"hcw_deaths_incidence",0.6,1.3,1.7,2.3,3.1
"DRC","baseline",15.5,"infections",34,52.55,66.45,79.05,121.8375
"DRC","baseline",16.5,"deaths",20.5625,32.975,40.3,48.025,75.9875
"DRC","baseline",16.5,"hcw_deaths",8.25,12.175,14.75,17.3,24.825
"DRC","baseline",16.5,"hcw_deaths_incidence",0.5875,1.175,1.5,2,3.3125
"DRC","baseline",16.5,"infections",28.1125,47.55,58.5,70.475,111.475
"DRC","baseline",17.5,"deaths",18.775,29.05,36.5,44.025,67.925
"DRC","baseline",17.5,"hcw_deaths",8.9875,13.5,16.25,18.725,27.8125
"DRC","baseline",17.5,"hcw_deaths_incidence",0.4,1,1.4,2,3.0375
"DRC","baseline",17.5,"infections",22.6,41.7,54.1,65.9,108.275
"DRC","baseline",18.5,"deaths",16.3,26.5,33.95,40.625,62.875
"DRC","baseline",18.5,"hcw_deaths",9.3,14.675,17.9,20.45,30.6875
"DRC","baseline",18.5,"hcw_deaths_incidence",0.3875,1.075,1.4,1.7,2.8125
"DRC","baseline",18.5,"infections",21.1875,37.275,48.5,60.225,99.1375
"DRC","baseline",19.5,"deaths",13.6625,24.15,30.75,37.5,62.025
"DRC","baseline",19.5,"hcw_deaths",9.9875,15.85,19.05,21.825,33.55
"DRC","baseline",19.5,"hcw_deaths_incidence",0.4,0.9,1.3,1.7,2.5
"DRC","baseline",19.5,"infections",17.6375,32.625,43.7,55.6,86.125
"DRC","baseline",20.5,"deaths",12.1625,20.45,27.55,34.5,53
"DRC","baseline",20.5,"hcw_deaths",10.6625,16.5,20,23.1,35.55
"DRC","baseline",20.5,"hcw_deaths_incidence",0.3,0.6,1,1.4,2.1125
"DRC","baseline",20.5,"infections",14.0875,27.45,38.35,49.725,73.0125
"DRC","baseline",21.5,"deaths",10.175,19.05,24.3,31.025,49.7625
"DRC","baseline",21.5,"hcw_deaths",11.275,17.275,21.05,24.225,36.9875
"DRC","baseline",21.5,"hcw_deaths_incidence",0.3,0.7,0.95,1.3,2.1
"DRC","baseline",21.5,"infections",11.6,22.875,31.6,42.625,64.6375
"DRC","baseline",22.5,"deaths",7.6875,15.35,20.7,27.925,41.9125
"DRC","baseline",22.5,"hcw_deaths",11.5,18.075,21.95,25,38.15
"DRC","baseline",22.5,"hcw_deaths_incidence",0.2,0.5,0.8,1.1,1.9125
"DRC","baseline",22.5,"infections",9.1,19.15,26,35.55,57.7
"DRC","baseline",23.5,"deaths",7.0875,12.475,17.15,22.725,38.4375
"DRC","baseline",23.5,"hcw_deaths",11.95,18.7,22.55,26.1,39.225
"DRC","baseline",23.5,"hcw_deaths_incidence",0.1,0.4,0.7,0.9,1.7
"DRC","baseline",23.5,"infections",7.1625,16.2,21.85,31.625,49.2625
"DRC","baseline",24.5,"deaths",5.0875,10.575,14.3,19.625,31.3125
"DRC","baseline",24.5,"hcw_deaths",12.175,19.1,23.05,26.725,40.0375
"DRC","baseline",24.5,"hcw_deaths_incidence",0.1,0.3,0.6,0.8,1.4
"DRC","baseline",24.5,"infections",5.5125,13.95,19.6,27.725,49.475
"DRC","baseline",25.5,"deaths",3.9875,9.375,12.5,17.5,27.6125
"DRC","baseline",25.5,"hcw_deaths",12.4625,19.675,23.65,27.2,41.125
"DRC","baseline",25.5,"hcw_deaths_incidence",0,0.3,0.5,0.725,1.5125
"DRC","baseline",25.5,"infections",5.0875,12.1,16.6,24.675,43.8125
"DRC","baseline",26.5,"deaths",3.125,7.675,10.7,15.25,26.5125
"DRC","baseline",26.5,"hcw_deaths",12.875,19.975,24.05,27.925,42.5375
"DRC","baseline",26.5,"hcw_deaths_incidence",0,0.2,0.4,0.7,1.3125
"DRC","baseline",26.5,"infections",3.5875,9.775,15.1,23,41.725
"DRC","baseline",27.5,"deaths",2.8875,6.625,9.2,13,23.375
"DRC","baseline",27.5,"hcw_deaths",13.1,20.175,24.45,28.35,43.35
"DRC","baseline",27.5,"hcw_deaths_incidence",0,0.2,0.4,0.6,1.1
"DRC","baseline",27.5,"infections",3.1875,8.075,13.25,21.425,34.85
"DRC","baseline",28.5,"deaths",2,5.475,8.2,12.725,23.2375
"DRC","baseline",28.5,"hcw_deaths",13.3625,20.4,24.85,28.9,44.2125
"DRC","baseline",28.5,"hcw_deaths_incidence",0,0.2,0.3,0.5,1.3
"DRC","baseline",28.5,"infections",2.575,7.5,12.15,19.4,31.05
"DRC","baseline",29.5,"deaths",1.6,4.375,6.8,10.375,17.6625
"DRC","baseline",29.5,"hcw_deaths",13.3625,20.6,25.05,29.25,44.7375
"DRC","baseline",29.5,"hcw_deaths_incidence",0,0.1,0.2,0.4,0.9
"DRC","baseline",29.5,"infections",2.0875,8.275,14.1,20.9,33.625
"DRC","baseline",30.5,"deaths",1.4875,4.175,7.05,11.075,18.475
"DRC","baseline",30.5,"hcw_deaths",13.4625,21.175,25.2,29.625,45.35
"DRC","baseline",30.5,"hcw_deaths_incidence",0,0.175,0.3,0.6,1.2
"DRC","baseline",30.5,"infections",2.7875,9.875,15.95,24.25,41.275
"DRC","baseline",31.5,"deaths",1.5,5.3,8.6,12.9,20.975
"DRC","baseline",31.5,"hcw_deaths",13.775,21.675,25.7,30.1,46.4
"DRC","baseline",31.5,"hcw_deaths_incidence",0,0.2,0.4,0.6,1.4125
"DRC","baseline",31.5,"infections",2.4625,11.375,18.65,29.125,50.275
"DRC","baseline",32.5,"deaths",1.4875,5.775,9.15,14.55,24.175
"DRC","baseline",32.5,"hcw_deaths",13.7875,22.05,26.25,30.625,47.025
"DRC","baseline",32.5,"hcw_deaths_incidence",0,0.2,0.4,0.6,1.4
"DRC","baseline",32.5,"infections",3.575,12.775,22.3,33.525,60.875
"DRC","baseline",33.5,"deaths",1.7625,6.45,11.45,16.8,30.45
"DRC","baseline",33.5,"hcw_deaths",13.7875,22.325,26.55,31.2,47.975
"DRC","baseline",33.5,"hcw_deaths_incidence",0,0.1,0.35,0.6,1.1
"DRC","baseline",33.5,"infections",3.85,15.275,27.25,39.975,71.475
"DRC","baseline",34.5,"deaths",1.7875,7.95,12.95,19.625,36.275
"DRC","baseline",34.5,"hcw_deaths",13.8875,22.6,27.05,31.65,48.7375
"DRC","baseline",34.5,"hcw_deaths_incidence",0,0.1,0.3,0.6,1.3
"DRC","baseline",34.5,"infections",3.9375,18.175,32.8,47.475,91.7625
"DRC","baseline",35.5,"deaths",2.375,9,16.05,23.25,43.75
"DRC","baseline",35.5,"hcw_deaths",13.975,22.8,27.5,32.275,49.3375
"DRC","baseline",35.5,"hcw_deaths_incidence",0,0.2,0.4,0.7,1.5
"DRC","baseline",35.5,"infections",4.75,19.525,38.1,55.05,109.775
"DRC","baseline",36.5,"deaths",2.475,10.85,18.9,27.975,51.75
"DRC","baseline",36.5,"hcw_deaths",13.975,23.15,28.25,32.9,50.0875
"DRC","baseline",36.5,"hcw_deaths_incidence",0,0.2,0.5,0.8,1.8125
"DRC","baseline",36.5,"infections",4.9875,24.875,46.4,66.675,128.1875
"DRC","baseline",37.5,"deaths",2.6875,12.3,23.15,32.55,65.3625
"DRC","baseline",37.5,"hcw_deaths",13.9875,23.7,28.95,33.425,52.9375
"DRC","baseline",37.5,"hcw_deaths_incidence",0,0.3,0.6,0.9,1.9
"DRC","baseline",37.5,"infections",5.55,28.65,54.25,79.2,157.05
"DRC","baseline",38.5,"deaths",3.0875,13.8,26.4,39.125,74.775
"DRC","baseline",38.5,"hcw_deaths",13.9875,24.1,29.55,34.7,55.0125
"DRC","baseline",38.5,"hcw_deaths_incidence",0,0.3,0.6,1.2,2.0125
"DRC","baseline",38.5,"infections",5.6,33.5,63.75,94.55,191.025
"DRC","baseline",39.5,"deaths",3.5375,15.675,31.35,47.175,92.7625
"DRC","baseline",39.5,"hcw_deaths",14.1625,24.475,30.4,35.725,57.475
"DRC","baseline",39.5,"hcw_deaths_incidence",0,0.3,0.7,1.3,2.5
"DRC","baseline",39.5,"infections",7.05,39.125,77.15,112.35,217.9375
"DRC","baseline",40.5,"deaths",3.675,19.875,38.05,55.625,111.3
"DRC","baseline",40.5,"hcw_deaths",14.275,24.95,31.2,36.925,60.725
"DRC","baseline",40.5,"hcw_deaths_incidence",0.1,0.4,0.9,1.4,2.8375
"DRC","baseline",40.5,"infections",7.675,46,87.7,131.1,249.1125
"DRC","baseline",41.5,"deaths",3.7,22.925,44.9,64.775,133.2125
"DRC","baseline",41.5,"hcw_deaths",15.0875,25.375,32.4,38.325,64.5
"DRC","baseline",41.5,"hcw_deaths_incidence",0,0.6,1.1,1.9,3.825
"DRC","baseline",41.5,"infections",9.5375,52.075,103.7,152.675,275.7125
"DRC","baseline",42.5,"deaths",4.6625,26.275,52.2,78.075,147.475
"DRC","baseline",42.5,"hcw_deaths",15.1125,25.875,33.9,40.475,68.8375
"DRC","baseline",42.5,"hcw_deaths_incidence",0.0875,0.6,1.3,2.2,4.2375
"DRC","baseline",42.5,"infections",10.875,60.25,122.3,174.775,314.925
"DRC","baseline",43.5,"deaths",5.6125,34.25,64.3,94.55,173.6125
"DRC","baseline",43.5,"hcw_deaths",15.1375,26.9,35.8,43.65,71.65
"DRC","baseline",43.5,"hcw_deaths_incidence",0.1,0.7,1.65,2.6,5.7125
"DRC","baseline",43.5,"infections",13.025,60.8,123.2,177.325,346.4875
"DRC","baseline",44.5,"deaths",7.425,37.825,76.05,110.675,194.9375
"DRC","baseline",44.5,"hcw_deaths",15.2875,28.4,37.9,46.525,74.9875
"DRC","baseline",44.5,"hcw_deaths_incidence",0.0875,0.9,1.7,2.6,5.4375
"DRC","baseline",44.5,"infections",9.1875,51.55,106.9,151.75,313.9125
"DRC","baseline",45.5,"deaths",6.1875,33.175,64.4,95.85,174.7875
"DRC","baseline",45.5,"hcw_deaths",15.6875,29.35,39.3,48.625,78.9375
"DRC","baseline",45.5,"hcw_deaths_incidence",0.1,0.8,1.5,2.5,5.0125
"DRC","baseline",45.5,"infections",8.9625,45.1,92.05,126.025,262.2125
"DRC","baseline",46.5,"deaths",6.2625,29.625,58.3,83.875,169.3
"DRC","baseline",46.5,"hcw_deaths",16.25,30.375,41.25,51.475,82.7375
"DRC","baseline",46.5,"hcw_deaths_incidence",0,0.8,1.85,2.8,5.35
"DRC","baseline",46.5,"infections",8.075,40.35,79.05,120.9,228.725
"DRC","baseline",47.5,"deaths",4.4,25.65,51.8,72.275,145.65
"DRC","baseline",47.5,"hcw_deaths",16.9125,31.675,42.95,54.325,89.65
"DRC","baseline",47.5,"hcw_deaths_incidence",0.0875,0.975,1.85,3.025,5.85
"DRC","baseline",47.5,"infections",8.5875,37.6,69.05,111.225,185.2875
"DRC","baseline",48.5,"deaths",5.0375,23.65,44.85,67.7,135.325
"DRC","baseline",48.5,"hcw_deaths",17.3125,32.75,45.25,57.825,96.2375
"DRC","baseline",48.5,"hcw_deaths_incidence",0.1,1,1.8,2.725,5.8125
"DRC","baseline",48.5,"infections",7.25,37.15,63.55,99.775,168.4
"DRC","baseline",49.5,"deaths",4.2875,21.575,41.05,64.4,114.0375
"DRC","baseline",49.5,"hcw_deaths",17.4125,33.875,47.1,61.25,98.925
"DRC","baseline",49.5,"hcw_deaths_incidence",0.1,0.9,1.7,2.625,5.2125
"DRC","baseline",49.5,"infections",6.275,34.3,57.45,89.725,151.45
"DRC","baseline",50.5,"deaths",4.0875,20.475,34.8,56.225,96.9375
"DRC","baseline",50.5,"hcw_deaths",17.7125,34.475,49,63.025,101.6
"DRC","baseline",50.5,"hcw_deaths_incidence",0.1,0.775,1.55,2.4,4.9125
"DRC","baseline",50.5,"infections",5.8,28.45,51.1,80.325,123.0875
"DRC","baseline",51.5,"deaths",4.1875,19.975,33.2,52.325,86.3625
"DRC","baseline",51.5,"hcw_deaths",17.8625,34.875,50.65,65.075,103.9625
"DRC","baseline",51.5,"hcw_deaths_incidence",0.1,0.7,1.3,2.2,3.925
"DRC","baseline",51.5,"infections",5.275,24.9,46.65,69.65,113.0625
"DRC","baseline",52.5,"deaths",3.125,17.075,29.6,46.925,71.7375
"DRC","baseline",52.5,"hcw_deaths",18.0875,36.275,51.4,66.5,107.4
"DRC","baseline",52.5,"hcw_deaths_incidence",0.1,0.6,1.25,1.9,3.625
"DRC","baseline",52.5,"infections",3.775,23.75,41.5,63.95,107.5
"DRC","baseline",53.5,"deaths",2.4875,14.8,26.8,40.7,65.4125
"DRC","baseline",53.5,"hcw_deaths",18.0875,36.75,52.25,68.325,109.6625
"DRC","baseline",53.5,"hcw_deaths_incidence",0,0.5,1.1,1.7,2.9125
"DRC","baseline",53.5,"infections",3.4,21.825,37.45,56.275,96.625
"DRC","baseline",54.5,"deaths",2.6,13.575,24.35,36.95,58.9375
"DRC","baseline",54.5,"hcw_deaths",18.175,37.225,53.5,70.025,112.4875
"DRC","baseline",54.5,"hcw_deaths_incidence",0,0.5,0.9,1.6,2.9125
"DRC","baseline",54.5,"infections",3.3875,18.575,32.65,49.225,85.3625
"DRC","baseline",55.5,"deaths",2.35,11.675,20.7,31.85,52.4625
"DRC","baseline",55.5,"hcw_deaths",18.35,37.85,54,71.45,115.2125
"DRC","baseline",55.5,"hcw_deaths_incidence",0,0.4,0.8,1.3,2.8125
"DRC","baseline",55.5,"infections",2.5375,15.6,27.55,44.05,79.9375
"DRC","baseline",56.5,"deaths",1.8,10.625,18.4,27.975,45.825
"DRC","baseline",56.5,"hcw_deaths",18.35,38.375,54.7,72.6,115.975
"DRC","baseline",56.5,"hcw_deaths_incidence",0,0.3,0.7,1.1,2.2
"DRC","baseline",56.5,"infections",1.875,13.725,25.15,38.525,72.2875
"DRC","baseline",57.5,"deaths",1.3875,8.55,15.45,25.325,45.85
"DRC","baseline",57.5,"hcw_deaths",18.35,39.25,55.15,73.525,117.7875
"DRC","baseline",57.5,"hcw_deaths_incidence",0,0.3,0.6,1,2.1
"DRC","baseline",57.5,"infections",1.1625,12.1,22.65,34.2,67.7375
"DRC","baseline",58.5,"deaths",1.1875,7.875,14.05,22.025,40.65
"DRC","baseline",58.5,"hcw_deaths",18.35,39.775,55.4,74.25,118.5875
"DRC","baseline",58.5,"hcw_deaths_incidence",0,0.3,0.6,0.925,2.2
"DRC","baseline",58.5,"infections",0.8875,11.2,20.9,31.725,63.1125
"DRC","baseline",59.5,"deaths",1.05,6.975,12.9,19.925,38.025
"DRC","baseline",59.5,"hcw_deaths",18.4625,39.975,56.1,74.575,119.4125
"DRC","baseline",59.5,"hcw_deaths_incidence",0,0.2,0.5,0.9,2.025
"DRC","baseline",59.5,"infections",1.1625,10.275,18.65,30.125,57.3375
"DRC","baseline",60.5,"deaths",0.75,6.425,11.95,18.575,34.0125
"DRC","baseline",60.5,"hcw_deaths",18.65,40.225,57.15,75.225,120.05
"DRC","baseline",60.5,"hcw_deaths_incidence",0,0.2,0.4,0.725,1.9125
"DRC","baseline",60.5,"infections",0.7875,9,17.35,28.1,51.1125
"DRC","baseline",61.5,"deaths",0.65,5.775,10.85,17.65,31.875
"DRC","baseline",61.5,"hcw_deaths",18.825,40.575,57.75,75.6,120.5375
"DRC","baseline",61.5,"hcw_deaths_incidence",0,0.2,0.4,0.7,1.8
"DRC","baseline",61.5,"infections",0.6,8.625,16.05,26,48.225
"DRC","baseline",62.5,"deaths",0.575,5.25,9.7,15.85,28.2125
"DRC","baseline",62.5,"hcw_deaths",18.825,41.125,58.4,75.825,120.8625
"DRC","baseline",62.5,"hcw_deaths_incidence",0,0.2,0.3,0.7,1.4
"DRC","baseline",62.5,"infections",0.2875,8.3,15.4,22.4,42.45
"DRC","baseline",63.5,"deaths",0.2875,4.85,9.1,14.425,25.2125
"DRC","baseline",63.5,"hcw_deaths",18.825,41.975,58.65,76.575,121.1125
"DRC","baseline",63.5,"hcw_deaths_incidence",0,0.1,0.35,0.6,1.3
"DRC","baseline",63.5,"infections",0.2,6.75,13.75,21.4,43.175
"DRC","baseline",64.5,"deaths",0.1875,4.3,8.5,13.625,24.5375
"DRC","baseline",64.5,"hcw_deaths",18.9125,42.2,58.95,77.15,121.4875
"DRC","baseline",64.5,"hcw_deaths_incidence",0,0.1,0.3,0.6,1.3125
"DRC","baseline",64.5,"infections",0.1,6.075,12.15,19.225,40.9375
"DRC","baseline",65.5,"deaths",0.1875,4,7.6,11.5,24.4375
"DRC","baseline",65.5,"hcw_deaths",18.9125,42.525,59.3,77.525,121.65
"DRC","baseline",65.5,"hcw_deaths_incidence",0,0.1,0.3,0.5,1.1125
"DRC","baseline",65.5,"infections",0.0875,5.675,11.1,17.925,41
"DRC","baseline",66.5,"deaths",0,3.775,6.75,11.25,22.5625
"DRC","baseline",66.5,"hcw_deaths",18.9125,43,59.55,77.95,121.725
"DRC","baseline",66.5,"hcw_deaths_incidence",0,0.1,0.2,0.5,1.0125
"DRC","baseline",66.5,"infections",0,4.5,8.8,15.6,37.3375
"DRC","baseline",67.5,"deaths",0,3.1,6.3,10.125,24.075
"DRC","baseline",67.5,"hcw_deaths",18.9125,43.325,59.95,78.2,122.025
"DRC","baseline",67.5,"hcw_deaths_incidence",0,0.1,0.3,0.5,0.9125
"DRC","baseline",67.5,"infections",0,4.075,8.6,14.525,35.525
"DRC","baseline",68.5,"deaths",0,2.775,5.5,9.3,19.2625
"DRC","baseline",68.5,"hcw_deaths",18.9125,43.6,60.2,78.4,122.3875
"DRC","baseline",68.5,"hcw_deaths_incidence",0,0.1,0.2,0.4,1
"DRC","baseline",68.5,"infections",0,3.8,8.35,13.925,33.0875
"DRC","baseline",69.5,"deaths",0,2.475,4.8,8.7,20.1875
"DRC","baseline",69.5,"hcw_deaths",18.9125,43.95,60.4,79,122.6125
"DRC","baseline",69.5,"hcw_deaths_incidence",0,0,0.2,0.4,1
"DRC","baseline",69.5,"infections",0,3.7,7.8,12.225,31.0375
"DRC","baseline",70.5,"deaths",0,2.4,4.85,7.525,18.2
"DRC","baseline",70.5,"hcw_deaths",18.9125,44.275,60.6,79.8,122.8125
"DRC","baseline",70.5,"hcw_deaths_incidence",0,0,0.2,0.3,1.0125
"DRC","baseline",70.5,"infections",0,3.5,7.3,11.125,27.4125
"DRC","baseline",71.5,"deaths",0,1.9,4.35,6.775,16.3125
"DRC","baseline",71.5,"hcw_deaths",18.9125,44.45,60.65,80.6,122.85
"DRC","baseline",71.5,"hcw_deaths_incidence",0,0,0.1,0.3,0.925
"DRC","baseline",71.5,"infections",0,2.8,6.65,10.425,29.325
"DRC","baseline",72.5,"deaths",0,1.975,4,6.625,15.6625
"DRC","baseline",72.5,"hcw_deaths",18.9125,44.65,60.9,81,122.975
"DRC","baseline",72.5,"hcw_deaths_incidence",0,0,0.1,0.3,0.7125
"DRC","baseline",72.5,"infections",0,2.2,6.1,10.625,26.3625
"DRC","baseline",73.5,"deaths",0,1.4,3.85,5.95,14.875
"DRC","baseline",73.5,"hcw_deaths",18.9125,44.975,61.05,81.45,123.2625
"DRC","baseline",73.5,"hcw_deaths_incidence",0,0,0.1,0.3,0.8125
"DRC","baseline",73.5,"infections",0,1.9,5.2,10,24.05
"DRC","baseline",74.5,"deaths",0,1.175,3.4,5.9,14.675
"DRC","baseline",74.5,"hcw_deaths",18.9125,45.45,61.2,81.925,123.75
"DRC","baseline",74.5,"hcw_deaths_incidence",0,0,0.1,0.3,0.7125
"DRC","baseline",74.5,"infections",0,1.7,4.65,8.625,23.0125
"DRC","baseline",75.5,"deaths",0,1.175,3.05,5.4,13.9875
"DRC","baseline",75.5,"hcw_deaths",18.9125,45.65,61.2,82.3,124.325
"DRC","baseline",75.5,"hcw_deaths_incidence",0,0,0.1,0.2,0.7
"DRC","baseline",75.5,"infections",0,1.2,4.6,8.225,20.275
"DRC","baseline",76.5,"deaths",0,0.9,2.5,5.2,12.1
"DRC","baseline",76.5,"hcw_deaths",18.9125,45.775,61.3,82.575,124.7875
"DRC","baseline",76.5,"hcw_deaths_incidence",0,0,0.1,0.2,0.8
"DRC","baseline",76.5,"infections",0,0.9,3.65,8.15,18.4125
"DRC","baseline",77.5,"deaths",0,0.7,2.45,4.7,11.25
"DRC","baseline",77.5,"hcw_deaths",18.9125,45.875,61.3,82.7,124.9625
"DRC","baseline",77.5,"hcw_deaths_incidence",0,0,0.1,0.2,0.7
"DRC","baseline",77.5,"infections",0,0.5,3.4,7.05,16.5375
"DRC","baseline",78.5,"deaths",0,0.5,2.2,4.3,10.525
"DRC","baseline",78.5,"hcw_deaths",18.9125,46.025,61.35,83.05,125.175
"DRC","baseline",78.5,"hcw_deaths_incidence",0,0,0.1,0.2,0.6
"DRC","baseline",78.5,"infections",0,0.275,2.85,6.375,18.725
"DRC","baseline",79.5,"deaths",0,0.3,1.95,4.075,9.4625
"DRC","baseline",79.5,"hcw_deaths",18.9125,46.05,61.4,83.125,125.625
"DRC","baseline",79.5,"hcw_deaths_incidence",0,0,0,0.2,0.5
"DRC","baseline",79.5,"infections",0,0.1,2.55,5.925,16.9125
"DRC","obv",0.5,"deaths",0,0,0.1,0.1,0.3
"DRC","obv",0.5,"hcw_deaths",0,0,0,0,0
"DRC","obv",0.5,"hcw_deaths_incidence",0,0,0,0,0
"DRC","obv",0.5,"infections",31.1875,32.7,33.8,35.1,37.8125
"DRC","obv",1.5,"deaths",3.4,4.2,4.6,5,6.0125
"DRC","obv",1.5,"hcw_deaths",0,0,0,0,0
"DRC","obv",1.5,"hcw_deaths_incidence",0,0,0,0,0
"DRC","obv",1.5,"infections",14.3,18.175,21.3,23.725,29.15
"DRC","obv",2.5,"deaths",9.9,11.3,12.05,12.8,14
"DRC","obv",2.5,"hcw_deaths",0,0,0,0,0.1
"DRC","obv",2.5,"hcw_deaths_incidence",0,0,0,0,0.1
"DRC","obv",2.5,"infections",20.2,25.6,28.5,32.325,39.2875
"DRC","obv",3.5,"deaths",9.6875,12.2,13.1,14.5,17.1
"DRC","obv",3.5,"hcw_deaths",0,0,0,0,0.1
"DRC","obv",3.5,"hcw_deaths_incidence",0,0,0,0,0.1
"DRC","obv",3.5,"infections",22.3,29.475,33.05,37.925,46.9625
"DRC","obv",4.5,"deaths",11.25,14.4,16.2,18,21.9125
"DRC","obv",4.5,"hcw_deaths",0,0,0,0.1,0.3
"DRC","obv",4.5,"hcw_deaths_incidence",0,0,0,0.1,0.3
"DRC","obv",4.5,"infections",25.0125,33.9,38.95,43.65,55.3625
"DRC","obv",5.5,"deaths",12.5,16.975,19.1,22.025,27.6
"DRC","obv",5.5,"hcw_deaths",0,0,0.1,0.2,0.4125
"DRC","obv",5.5,"hcw_deaths_incidence",0,0,0.1,0.1,0.3
"DRC","obv",5.5,"infections",28.6125,39.575,44.9,50.025,65.9375
"DRC","obv",6.5,"deaths",14.8125,19.975,22.9,25.7,31.7625
"DRC","obv",6.5,"hcw_deaths",0,0.1,0.2,0.4,0.8125
"DRC","obv",6.5,"hcw_deaths_incidence",0,0,0.1,0.2,0.4125
"DRC","obv",6.5,"infections",31.35,45.575,51.9,56.825,78.5375
"DRC","obv",7.5,"deaths",16.8375,23.275,26.25,29.825,37.375
"DRC","obv",7.5,"hcw_deaths",0,0.2,0.4,0.6,1
"DRC","obv",7.5,"hcw_deaths_incidence",0,0.1,0.1,0.2,0.5
"DRC","obv",7.5,"infections",36.9125,53.25,61,67.625,94.55
"DRC","obv",8.5,"deaths",18.375,26.7,30.25,33.825,47.6625
"DRC","obv",8.5,"hcw_deaths",0.0875,0.4,0.6,0.8,1.3125
"DRC","obv",8.5,"hcw_deaths_incidence",0,0.1,0.2,0.3,0.5
"DRC","obv",8.5,"infections",43.4,60.675,71.25,82.65,118.375
"DRC","obv",9.5,"deaths",21.6625,31.35,35.85,39.9,56.725
"DRC","obv",9.5,"hcw_deaths",0.2,0.6,0.8,1.1,1.6125
"DRC","obv",9.5,"hcw_deaths_incidence",0,0.1,0.2,0.3,0.6
"DRC","obv",9.5,"infections",49.8375,67.875,81.55,93.55,133.2875
"DRC","obv",10.5,"deaths",24.675,36.05,42.4,48.225,68.0875
"DRC","obv",10.5,"hcw_deaths",0.3,0.775,1.1,1.4,2
"DRC","obv",10.5,"hcw_deaths_incidence",0,0.1,0.2,0.4,0.6
"DRC","obv",10.5,"infections",50.3375,71.375,88.85,104.4,147.0125
"DRC","obv",11.5,"deaths",28.475,41.1,48,55.525,77.5
"DRC","obv",11.5,"hcw_deaths",0.4875,1,1.3,1.7,2.425
"DRC","obv",11.5,"hcw_deaths_incidence",0,0.1,0.2,0.4,0.7125
"DRC","obv",11.5,"infections",51.45,73.25,89.6,105.925,158.575
"DRC","obv",12.5,"deaths",32.3625,44.05,54.4,62.425,88
"DRC","obv",12.5,"hcw_deaths",0.6,1.3,1.6,2,3.0125
"DRC","obv",12.5,"hcw_deaths_incidence",0,0.2,0.3,0.4,0.8
"DRC","obv",12.5,"infections",43.2125,70.125,85.35,99.725,150.35
"DRC","obv",13.5,"deaths",29.7625,42.3,50.35,61.125,86.475
"DRC","obv",13.5,"hcw_deaths",0.7,1.575,1.95,2.4,3.8125
"DRC","obv",13.5,"hcw_deaths_incidence",0,0.2,0.3,0.5,0.9
"DRC","obv",13.5,"infections",37.975,64.625,77.95,93.35,141.6875
"DRC","obv",14.5,"deaths",24.325,39.775,47.15,55.5,84.2875
"DRC","obv",14.5,"hcw_deaths",0.8875,1.8,2.3,2.8,4.3
"DRC","obv",14.5,"hcw_deaths_incidence",0,0.2,0.3,0.5,0.8
"DRC","obv",14.5,"infections",33.975,58.5,70.55,86.8,133.3125
"DRC","obv",15.5,"deaths",22.15,36.9,44.9,53.325,82.35
"DRC","obv",15.5,"hcw_deaths",1,2.2,2.6,3.3,4.9125
"DRC","obv",15.5,"hcw_deaths_incidence",0,0.2,0.3,0.5,1.0125
"DRC","obv",15.5,"infections",32.725,50.25,64.35,76.575,119.1125
"DRC","obv",16.5,"deaths",19.8,31.8,39.05,46.725,72.925
"DRC","obv",16.5,"hcw_deaths",1.2,2.5,3,3.7,5.2375
"DRC","obv",16.5,"hcw_deaths_incidence",0,0.2,0.3,0.4,0.8125
"DRC","obv",16.5,"infections",27.1125,45.825,56.45,67.725,107.1625
"DRC","obv",17.5,"deaths",18.0875,27.975,35.35,42.525,66.4625
"DRC","obv",17.5,"hcw_deaths",1.4,2.7,3.2,4,5.8125
"DRC","obv",17.5,"hcw_deaths_incidence",0,0.1,0.3,0.4,0.7
"DRC","obv",17.5,"infections",21.4625,40.275,51.7,64.3,105.35
"DRC","obv",18.5,"deaths",15.6125,25.65,33,39.5,61.3375
"DRC","obv",18.5,"hcw_deaths",1.4875,2.975,3.55,4.3,6.325
"DRC","obv",18.5,"hcw_deaths_incidence",0,0.1,0.25,0.4,0.7
"DRC","obv",18.5,"infections",20.125,36.1,46.95,58.2,96.45
"DRC","obv",19.5,"deaths",13.45,23.175,29.45,36.35,60.3875
"DRC","obv",19.5,"hcw_deaths",1.6,3.1,3.8,4.525,6.8
"DRC","obv",19.5,"hcw_deaths_incidence",0,0.1,0.2,0.4,0.6
"DRC","obv",19.5,"infections",16.8,32,42.05,54.225,83.85
"DRC","obv",20.5,"deaths",11.9375,19.925,26.55,33.35,51.6625
"DRC","obv",20.5,"hcw_deaths",1.7,3.2,4,4.8,7.1125
"DRC","obv",20.5,"hcw_deaths_incidence",0,0.1,0.2,0.3,0.6
"DRC","obv",20.5,"infections",13.675,26.675,36.95,48.15,71.225
"DRC","obv",21.5,"deaths",9.9,18.375,23.35,30,48.525
"DRC","obv",21.5,"hcw_deaths",1.8,3.4,4.3,5,7.3
"DRC","obv",21.5,"hcw_deaths_incidence",0,0.1,0.2,0.3,0.5125
"DRC","obv",21.5,"infections",11.475,22.1,30.6,41.4,63.5
"DRC","obv",22.5,"deaths",7.4875,14.775,20.2,27.2,41.1375
"DRC","obv",22.5,"hcw_deaths",1.9875,3.6,4.4,5.2,7.7
"DRC","obv",22.5,"hcw_deaths_incidence",0,0.075,0.1,0.2,0.5
"DRC","obv",22.5,"infections",9.0375,18.675,25.2,34.65,55.6875
"DRC","obv",23.5,"deaths",6.9,12,16.5,21.8,37.6125
"DRC","obv",23.5,"hcw_deaths",2,3.7,4.55,5.3,7.9
"DRC","obv",23.5,"hcw_deaths_incidence",0,0,0.1,0.2,0.5
"DRC","obv",23.5,"infections",6.8875,15.775,21.3,30.85,47.8125
"DRC","obv",24.5,"deaths",4.8875,10.3,13.75,19,30.3
"DRC","obv",24.5,"hcw_deaths",2,3.8,4.7,5.425,8.1
"DRC","obv",24.5,"hcw_deaths_incidence",0,0,0.1,0.2,0.4
"DRC","obv",24.5,"infections",5.2125,13.525,18.85,26.825,48.225
"DRC","obv",25.5,"deaths",3.9875,8.975,12,17.15,26.675
"DRC","obv",25.5,"hcw_deaths",2,3.875,4.8,5.625,8.4125
"DRC","obv",25.5,"hcw_deaths_incidence",0,0,0.1,0.2,0.4125
"DRC","obv",25.5,"infections",4.975,11.775,16.3,23.875,42.7
"DRC","obv",26.5,"deaths",2.95,7.375,10.4,14.8,25.925
"DRC","obv",26.5,"hcw_deaths",2,4,4.9,5.725,8.5125
"DRC","obv",26.5,"hcw_deaths_incidence",0,0,0.1,0.2,0.3125
"DRC","obv",26.5,"infections",3.3875,9.3,14.65,21.7,40.4
"DRC","obv",27.5,"deaths",2.8,6.375,9,12.525,22.7375
"DRC","obv",27.5,"hcw_deaths",2,4,4.9,5.8,8.725
"DRC","obv",27.5,"hcw_deaths_incidence",0,0,0.1,0.1,0.4
"DRC","obv",27.5,"infections",3,7.775,12.65,20.425,33.9125
"DRC","obv",28.5,"deaths",2,5.3,8.05,12.225,22.475
"DRC","obv",28.5,"hcw_deaths",2,4.1,5,5.8,8.825
"DRC","obv",28.5,"hcw_deaths_incidence",0,0,0.05,0.1,0.3
"DRC","obv",28.5,"infections",2.575,7.35,11.6,18.925,29.7
"DRC","obv",29.5,"deaths",1.5875,4.2,6.7,10.2,16.725
"DRC","obv",29.5,"hcw_deaths",2,4.2,5.05,5.9,9
"DRC","obv",29.5,"hcw_deaths_incidence",0,0,0,0.1,0.3
"DRC","obv",29.5,"infections",1.875,7.8,13.6,20.075,32.4375
"DRC","obv",30.5,"deaths",1.3,3.9,6.65,10.725,17.8625
"DRC","obv",30.5,"hcw_deaths",2.0875,4.3,5.2,6,9.1125
"DRC","obv",30.5,"hcw_deaths_incidence",0,0,0,0.1,0.4
"DRC","obv",30.5,"infections",2.7,9.575,15.55,23.35,40.4875
"DRC","obv",31.5,"deaths",1.475,4.975,8.3,12.35,19.8625
"DRC","obv",31.5,"hcw_deaths",2.0875,4.3,5.2,6.1,9.4125
"DRC","obv",31.5,"hcw_deaths_incidence",0,0,0.1,0.1,0.4
"DRC","obv",31.5,"infections",2.4625,11.075,18.45,28.525,49.25
"DRC","obv",32.5,"deaths",1.2875,5.5,9,13.9,23.4875
"DRC","obv",32.5,"hcw_deaths",2.0875,4.4,5.3,6.2,9.625
"DRC","obv",32.5,"hcw_deaths_incidence",0,0,0.1,0.2,0.4
"DRC","obv",32.5,"infections",3.5625,12.6,22,32.625,59.725
"DRC","obv",33.5,"deaths",1.575,6.275,11.25,16.2,29.925
"DRC","obv",33.5,"hcw_deaths",2.0875,4.5,5.4,6.3,9.725
"DRC","obv",33.5,"hcw_deaths_incidence",0,0,0.1,0.1,0.3
"DRC","obv",33.5,"infections",3.825,15.15,26.6,39.1,69.6875
"DRC","obv",34.5,"deaths",1.6875,7.775,12.8,19.325,35.65
"DRC","obv",34.5,"hcw_deaths",2.175,4.6,5.4,6.4,9.9125
"DRC","obv",34.5,"hcw_deaths_incidence",0,0,0,0.1,0.4
"DRC","obv",34.5,"infections",3.85,17.925,32,46.475,89.625
"DRC","obv",35.5,"deaths",2.3625,8.8,15.65,22.55,42.875
"DRC","obv",35.5,"hcw_deaths",2.175,4.6,5.5,6.425,10.0125
"DRC","obv",35.5,"hcw_deaths_incidence",0,0,0,0.1,0.3
"DRC","obv",35.5,"infections",4.5625,19.2,37.1,53.775,108.7625
"DRC","obv",36.5,"deaths",2.3,10.6,18.35,27.45,50.4625
"DRC","obv",36.5,"hcw_deaths",2.1875,4.675,5.6,6.7,10.2375
"DRC","obv",36.5,"hcw_deaths_incidence",0,0,0.1,0.2,0.5
"DRC","obv",36.5,"infections",4.875,24.425,45.2,65.425,125.8125
"DRC","obv",37.5,"deaths",2.575,12.2,22.7,31.875,64.375
"DRC","obv",37.5,"hcw_deaths",2.1875,4.8,5.7,6.8,10.4125
"DRC","obv",37.5,"hcw_deaths_incidence",0,0,0.1,0.2,0.5125
"DRC","obv",37.5,"infections",5.375,28.25,53.4,76.925,153.6
"DRC","obv",38.5,"deaths",3.075,13.65,25.85,38.625,73.1125
"DRC","obv",38.5,"hcw_deaths",2.1875,4.9,5.85,7.025,10.75
"DRC","obv",38.5,"hcw_deaths_incidence",0,0,0.1,0.2,0.5125
"DRC","obv",38.5,"infections",5.5,32.775,62.6,93.175,187.7375
"DRC","obv",39.5,"deaths",3.3625,15.275,30.95,46.325,90.2125
"DRC","obv",39.5,"hcw_deaths",2.275,4.975,5.95,7.225,11.425
"DRC","obv",39.5,"hcw_deaths_incidence",0,0,0.15,0.3,0.6
"DRC","obv",39.5,"infections",7.0375,37.9,75.05,110.625,212.3125
"DRC","obv",40.5,"deaths",3.575,19.625,37.25,55.025,109.975
"DRC","obv",40.5,"hcw_deaths",2.3,5.075,6.2,7.5,11.8625
"DRC","obv",40.5,"hcw_deaths_incidence",0,0,0.1,0.3,0.9
"DRC","obv",40.5,"infections",7.675,45.35,85.8,127.65,242.8
"DRC","obv",41.5,"deaths",3.7,22.475,43.8,62.775,129.8125
"DRC","obv",41.5,"hcw_deaths",2.3,5.175,6.4,7.8,12.8125
"DRC","obv",41.5,"hcw_deaths_incidence",0,0.1,0.2,0.4,1
"DRC","obv",41.5,"infections",9.4,50.8,101.4,149.05,269.1
"DRC","obv",42.5,"deaths",4.6625,25.525,51.3,76.325,144.1
"DRC","obv",42.5,"hcw_deaths",2.4,5.3,6.8,8.125,13.3
"DRC","obv",42.5,"hcw_deaths_incidence",0,0.1,0.2,0.5,1.0125
"DRC","obv",42.5,"infections",10.7875,59.45,120.2,171.65,306.9375
"DRC","obv",43.5,"deaths",5.6,33.475,63.25,92.65,168.7125
"DRC","obv",43.5,"hcw_deaths",2.575,5.5,7.2,8.725,13.95
"DRC","obv",43.5,"hcw_deaths_incidence",0,0.1,0.3,0.6,1.3
"DRC","obv",43.5,"infections",12.7125,59.85,120,173.975,338.125
"DRC","obv",44.5,"deaths",7.325,36.875,74.45,109.125,190.6625
"DRC","obv",44.5,"hcw_deaths",2.575,5.775,7.55,9.1,15.125
"DRC","obv",44.5,"hcw_deaths_incidence",0,0.2,0.3,0.525,1.1125
"DRC","obv",44.5,"infections",8.95,50.25,104.3,147.325,301.6625
"DRC","obv",45.5,"deaths",6.1,32.2,63.25,93.825,170.25
"DRC","obv",45.5,"hcw_deaths",2.9375,5.875,7.9,9.525,16.1125
"DRC","obv",45.5,"hcw_deaths_incidence",0,0.1,0.3,0.5,1.1
"DRC","obv",45.5,"infections",8.7125,43.8,88.4,122.475,253.4
"DRC","obv",46.5,"deaths",6.1625,28.725,56.6,81.975,164.5625
"DRC","obv",46.5,"hcw_deaths",3.1375,6.1,8.25,10.1,16.9
"DRC","obv",46.5,"hcw_deaths_incidence",0,0.2,0.35,0.6,1.2375
"DRC","obv",46.5,"infections",7.7875,38.75,76.9,116.775,220.7
"DRC","obv",47.5,"deaths",4.35,24.875,50.05,70.6,140.7
"DRC","obv",47.5,"hcw_deaths",3.1375,6.3,8.65,10.9,18.025
"DRC","obv",47.5,"hcw_deaths_incidence",0,0.1,0.4,0.6,1.125
"DRC","obv",47.5,"infections",8.375,36.775,66.8,107.95,178.55
"DRC","obv",48.5,"deaths",4.85,22.95,43.7,65.6,130.5
"DRC","obv",48.5,"hcw_deaths",3.2375,6.675,8.95,11.4,19.125
"DRC","obv",48.5,"hcw_deaths_incidence",0,0.1,0.4,0.6,1.3
"DRC","obv",48.5,"infections",6.775,36.05,61.3,95.925,162.575
"DRC","obv",49.5,"deaths",4.1625,20.875,39.55,62.1,109.725
"DRC","obv",49.5,"hcw_deaths",3.25,6.7,9.3,11.9,20.2
"DRC","obv",49.5,"hcw_deaths_incidence",0,0.1,0.3,0.6,1.325
"DRC","obv",49.5,"infections",6,33.075,55.65,86.65,145.575
"DRC","obv",50.5,"deaths",3.8,19.8,33.7,54.8,93
"DRC","obv",50.5,"hcw_deaths",3.45,6.8,9.55,12.35,20.825
"DRC","obv",50.5,"hcw_deaths_incidence",0,0.1,0.2,0.5,1
"DRC","obv",50.5,"infections",5.625,27.075,49.3,78.175,118.5875
"DRC","obv",51.5,"deaths",4.0875,19.1,31.85,51.275,83.2
"DRC","obv",51.5,"hcw_deaths",3.4625,6.9,9.75,12.725,21.3125
"DRC","obv",51.5,"hcw_deaths_incidence",0,0.1,0.2,0.4,1
"DRC","obv",51.5,"infections",5.0875,24.175,44.85,67.35,110.6
"DRC","obv",52.5,"deaths",3.0375,16.275,28.55,45.35,68.8625
"DRC","obv",52.5,"hcw_deaths",3.4625,7.1,9.9,13.2,21.675
"DRC","obv",52.5,"hcw_deaths_incidence",0,0.1,0.2,0.4,0.9
"DRC","obv",52.5,"infections",3.5875,22.85,40.4,61.825,103.6375
"DRC","obv",53.5,"deaths",2.475,14.5,25.95,39.525,63.6125
"DRC","obv",53.5,"hcw_deaths",3.4625,7.3,10.1,13.5,22.1375
"DRC","obv",53.5,"hcw_deaths_incidence",0,0.1,0.2,0.4,0.8
"DRC","obv",53.5,"infections",3.4,21.05,36.5,54.275,94.275
"DRC","obv",54.5,"deaths",2.5,13.3,23.6,35.575,56.9875
"DRC","obv",54.5,"hcw_deaths",3.4875,7.5,10.35,13.925,22.3625
"DRC","obv",54.5,"hcw_deaths_incidence",0,0.1,0.2,0.3,0.8
"DRC","obv",54.5,"infections",3.3,17.675,31.5,47.725,83.25
"DRC","obv",55.5,"deaths",2.1625,11.3,20.1,30.75,50.9375
"DRC","obv",55.5,"hcw_deaths",3.4875,7.7,10.6,14.2,22.9
"DRC","obv",55.5,"hcw_deaths_incidence",0,0,0.1,0.3,0.6
"DRC","obv",55.5,"infections",2.4375,15.05,26.55,42.25,76.9375
"DRC","obv",56.5,"deaths",1.8,10.075,17.75,27,44.425
"DRC","obv",56.5,"hcw_deaths",3.575,7.8,10.6,14.3,23.025
"DRC","obv",56.5,"hcw_deaths_incidence",0,0,0.1,0.2,0.6
"DRC","obv",56.5,"infections",1.7,13.175,24.3,37.325,69.1
"DRC","obv",57.5,"deaths",1.3,8.1,15.05,24.7,44.8125
"DRC","obv",57.5,"hcw_deaths",3.5875,7.975,10.85,14.45,23.1125
"DRC","obv",57.5,"hcw_deaths_incidence",0,0,0.1,0.2,0.5
"DRC","obv",57.5,"infections",1.075,11.75,21.7,33.325,65.7
"DRC","obv",58.5,"deaths",1.1,7.6,13.7,21.425,38.7375
"DRC","obv",58.5,"hcw_deaths",3.6,8.075,11,14.725,23.2125
"DRC","obv",58.5,"hcw_deaths_incidence",0,0,0.1,0.2,0.5
"DRC","obv",58.5,"infections",0.8,10.9,19.95,30.575,60.3375
"DRC","obv",59.5,"deaths",1.0375,6.8,12.5,19.125,36.7375
"DRC","obv",59.5,"hcw_deaths",3.6,8.075,11.05,15.125,23.5125
"DRC","obv",59.5,"hcw_deaths_incidence",0,0,0.1,0.2,0.6125
"DRC","obv",59.5,"infections",1.1625,9.95,17.85,29.5,55.025
"DRC","obv",60.5,"deaths",0.6625,6.225,11.25,18.025,32.575
"DRC","obv",60.5,"hcw_deaths",3.7,8.2,11.2,15.225,23.7
"DRC","obv",60.5,"hcw_deaths_incidence",0,0,0.1,0.2,0.5125
"DRC","obv",60.5,"infections",0.775,8.7,16.35,27.125,49.1125
"DRC","obv",61.5,"deaths",0.65,5.65,10.35,17.175,30.8375
"DRC","obv",61.5,"hcw_deaths",3.7875,8.3,11.35,15.4,23.975
"DRC","obv",61.5,"hcw_deaths_incidence",0,0,0.1,0.1,0.3125
"DRC","obv",61.5,"infections",0.6,8.175,15.45,25.125,46.925
"DRC","obv",62.5,"deaths",0.575,5,9.3,15.4,27.1
"DRC","obv",62.5,"hcw_deaths",3.7875,8.4,11.4,15.425,24.15
"DRC","obv",62.5,"hcw_deaths_incidence",0,0,0.1,0.2,0.4
"DRC","obv",62.5,"infections",0.2875,8.2,14.85,21.65,40.85
"DRC","obv",63.5,"deaths",0.2875,4.65,8.65,13.925,24.5125
"DRC","obv",63.5,"hcw_deaths",3.7875,8.5,11.4,15.525,24.325
"DRC","obv",63.5,"hcw_deaths_incidence",0,0,0,0.1,0.3
"DRC","obv",63.5,"infections",0.2,6.375,13.3,20.65,41.6125
"DRC","obv",64.5,"deaths",0.1875,4.275,8.3,13.2,23.725
"DRC","obv",64.5,"hcw_deaths",3.8,8.575,11.7,15.625,24.625
"DRC","obv",64.5,"hcw_deaths_incidence",0,0,0,0.1,0.4
"DRC","obv",64.5,"infections",0.1,5.975,11.8,18.525,39.3
"DRC","obv",65.5,"deaths",0.1875,3.875,7.35,11.1,23.7375
"DRC","obv",65.5,"hcw_deaths",3.8,8.65,11.7,15.75,24.6375
"DRC","obv",65.5,"hcw_deaths_incidence",0,0,0,0.1,0.3
"DRC","obv",65.5,"infections",0.0875,5.525,10.6,17.225,39.5125
"DRC","obv",66.5,"deaths",0,3.7,6.55,10.8,21.625
"DRC","obv",66.5,"hcw_deaths",3.8,8.775,11.7,15.75,24.6375
"DRC","obv",66.5,"hcw_deaths_incidence",0,0,0,0.1,0.3
"DRC","obv",66.5,"infections",0,4.425,8.4,15.25,36.15
"DRC","obv",67.5,"deaths",0,3.075,6.15,9.725,23.1875
"DRC","obv",67.5,"hcw_deaths",3.8,8.775,11.7,15.75,24.75
"DRC","obv",67.5,"hcw_deaths_incidence",0,0,0,0.1,0.3
"DRC","obv",67.5,"infections",0,4.05,8.25,14.1,34.8
"DRC","obv",68.5,"deaths",0,2.7,5.1,9.125,18.825
"DRC","obv",68.5,"hcw_deaths",3.8,8.85,11.7,15.9,24.8625
"DRC","obv",68.5,"hcw_deaths_incidence",0,0,0,0.1,0.3
"DRC","obv",68.5,"infections",0,3.6,8.05,13.5,31.95
"DRC","obv",69.5,"deaths",0,2.4,4.5,8.25,19.6125
"DRC","obv",69.5,"hcw_deaths",3.8,8.85,11.8,15.925,25.0625
"DRC","obv",69.5,"hcw_deaths_incidence",0,0,0,0.1,0.2
"DRC","obv",69.5,"infections",0,3.575,7.65,11.775,30.075
"DRC","obv",70.5,"deaths",0,2.3,4.75,7.5,17.7125
"DRC","obv",70.5,"hcw_deaths",3.8,8.925,11.8,16.2,25.15
"DRC","obv",70.5,"hcw_deaths_incidence",0,0,0,0.1,0.3
"DRC","obv",70.5,"infections",0,3.375,7.15,10.725,26.5125
"DRC","obv",71.5,"deaths",0,1.8,4.2,6.525,15.75
"DRC","obv",71.5,"hcw_deaths",3.8,9.025,11.8,16.3,25.15
"DRC","obv",71.5,"hcw_deaths_incidence",0,0,0,0.1,0.3
"DRC","obv",71.5,"infections",0,2.7,6.4,10.125,28.55
"DRC","obv",72.5,"deaths",0,1.875,3.9,6.4,15.3375
"DRC","obv",72.5,"hcw_deaths",3.8,9.025,11.8,16.3,25.25
"DRC","obv",72.5,"hcw_deaths_incidence",0,0,0,0.1,0.2
"DRC","obv",72.5,"infections",0,2,5.95,10.2,25.6125
"DRC","obv",73.5,"deaths",0,1.4,3.8,5.8,14.3
"DRC","obv",73.5,"hcw_deaths",3.8,9.025,11.85,16.325,25.2625
"DRC","obv",73.5,"hcw_deaths_incidence",0,0,0,0,0.2125
"DRC","obv",73.5,"infections",0,1.9,5.1,9.525,23.1625
"DRC","obv",74.5,"deaths",0,1.1,3.4,5.7,14.3
"DRC","obv",74.5,"hcw_deaths",3.8,9.05,11.95,16.4,25.35
"DRC","obv",74.5,"hcw_deaths_incidence",0,0,0,0,0.2
"DRC","obv",74.5,"infections",0,1.6,4.55,8.525,21.75
"DRC","obv",75.5,"deaths",0,1.175,2.85,5.2,13.5
"DRC","obv",75.5,"hcw_deaths",3.8,9.125,11.95,16.425,25.4375
"DRC","obv",75.5,"hcw_deaths_incidence",0,0,0,0,0.2
"DRC","obv",75.5,"infections",0,1.2,4.45,7.875,19.4875
"DRC","obv",76.5,"deaths",0,0.9,2.45,4.925,11.675
"DRC","obv",76.5,"hcw_deaths",3.8,9.15,11.95,16.425,25.625
"DRC","obv",76.5,"hcw_deaths_incidence",0,0,0,0.1,0.2
"DRC","obv",76.5,"infections",0,0.8,3.55,7.825,18.0125
"DRC","obv",77.5,"deaths",0,0.675,2.35,4.6,10.85
"DRC","obv",77.5,"hcw_deaths",3.8,9.175,12,16.425,25.7125
"DRC","obv",77.5,"hcw_deaths_incidence",0,0,0,0,0.2
"DRC","obv",77.5,"infections",0,0.5,3.3,6.825,16.1625
"DRC","obv",78.5,"deaths",0,0.5,2.1,4.125,10.3625
"DRC","obv",78.5,"hcw_deaths",3.8,9.175,12,16.425,25.7375
"DRC","obv",78.5,"hcw_deaths_incidence",0,0,0,0,0.2
"DRC","obv",78.5,"infections",0,0.275,2.85,6.15,18.475
"DRC","obv",79.5,"deaths",0,0.3,1.9,3.925,9.0875
"DRC","obv",79.5,"hcw_deaths",3.8,9.175,12.05,16.425,25.825
"DRC","obv",79.5,"hcw_deaths_incidence",0,0,0,0,0.2
"DRC","obv",79.5,"infections",0,0.075,2.45,5.625,16.1
"WestAfrica","baseline",0.5,"deaths",0,0,0,0.1,0.3
"WestAfrica","baseline",0.5,"hcw_deaths",0,0,0,0,0
"WestAfrica","baseline",0.5,"hcw_deaths_incidence",0,0,0,0,0
"WestAfrica","baseline",0.5,"infections",30.0925,32.3,33.4,34.8,38.205
"WestAfrica","baseline",1.5,"deaths",3.6,4.3,4.75,5.2,5.8025
"WestAfrica","baseline",1.5,"hcw_deaths",0,0,0,0,0.00250000000000057
"WestAfrica","baseline",1.5,"hcw_deaths_incidence",0,0,0,0,0.00250000000000057
"WestAfrica","baseline",1.5,"infections",13.7925,18,20.7,23.325,30.0175
"WestAfrica","baseline",2.5,"deaths",9.5975,11.1,11.9,12.8,14.0025
"WestAfrica","baseline",2.5,"hcw_deaths",0,0,0,0,0.1
"WestAfrica","baseline",2.5,"hcw_deaths_incidence",0,0,0,0,0.1
"WestAfrica","baseline",2.5,"infections",19.4825,25.55,29.15,32,39.4125
"WestAfrica","baseline",3.5,"deaths",9.3925,11.7,12.9,14.4,17.3075
"WestAfrica","baseline",3.5,"hcw_deaths",0,0,0.1,0.1,0.3
"WestAfrica","baseline",3.5,"hcw_deaths_incidence",0,0,0,0.1,0.2
"WestAfrica","baseline",3.5,"infections",22.6875,30.35,34.85,39.725,48.105
"WestAfrica","baseline",4.5,"deaths",11.0975,14.575,16.3,18.1,22.6025
"WestAfrica","baseline",4.5,"hcw_deaths",0,0.1,0.2,0.4,0.6
"WestAfrica","baseline",4.5,"hcw_deaths_incidence",0,0.1,0.2,0.3,0.5
"WestAfrica","baseline",4.5,"infections",26.335,35.775,41.35,47.9,61.0375
"WestAfrica","baseline",5.5,"deaths",13.4,17.8,20.5,22.8,28.3
"WestAfrica","baseline",5.5,"hcw_deaths",0.1,0.4,0.6,0.8,1.3025
"WestAfrica","baseline",5.5,"hcw_deaths_incidence",0,0.2,0.3,0.5,0.802500000000001
"WestAfrica","baseline",5.5,"infections",31.495,42.65,50.35,58.175,76
"WestAfrica","baseline",6.5,"deaths",15.2975,21,24.6,28.5,34.615
"WestAfrica","baseline",6.5,"hcw_deaths",0.4,0.9,1.1,1.4,2.3
"WestAfrica","baseline",6.5,"hcw_deaths_incidence",0.1,0.375,0.5,0.7,1.3
"WestAfrica","baseline",6.5,"infections",36.3975,50.1,58.45,70.975,92.7275
"WestAfrica","baseline",7.5,"deaths",17.8975,25.1,29.2,34.1,43.8225
"WestAfrica","baseline",7.5,"hcw_deaths",0.8,1.5,1.9,2.5,3.7025
"WestAfrica","baseline",7.5,"hcw_deaths_incidence",0.2,0.5,0.8,1,1.7025
"WestAfrica","baseline",7.5,"infections",41.7725,59.975,72.1,85.65,115.505
"WestAfrica","baseline",8.5,"deaths",21.3875,29.825,35.25,41.65,54.6125
"WestAfrica","baseline",8.5,"hcw_deaths",1.4,2.3,2.9,3.6,5.3025
"WestAfrica","baseline",8.5,"hcw_deaths_incidence",0.3,0.7,0.85,1.2,2.1
"WestAfrica","baseline",8.5,"infections",48,70.475,86.45,105.35,141.8175
"WestAfrica","baseline",9.5,"deaths",24.4975,35.475,41.5,49.925,66.3075
"WestAfrica","baseline",9.5,"hcw_deaths",2.1975,3.3,3.9,4.9,7.1125
"WestAfrica","baseline",9.5,"hcw_deaths_incidence",0.4,0.8,1.1,1.5,2.4025
"WestAfrica","baseline",9.5,"infections",55.2425,82.925,102.3,124.425,175.55
"WestAfrica","baseline",10.5,"deaths",28.3,42.45,50.35,61.125,81.525
"WestAfrica","baseline",10.5,"hcw_deaths",2.8975,4.3,5.25,6.6,9.71
"WestAfrica","baseline",10.5,"hcw_deaths_incidence",0.4975,1,1.35,1.825,3
"WestAfrica","baseline",10.5,"infections",62.3975,97.95,120.15,150.95,211.46
"WestAfrica","baseline",11.5,"deaths",33.5875,48.525,59.7,72.375,101.6325
"WestAfrica","baseline",11.5,"hcw_deaths",3.7975,5.6,7.15,8.525,12.705
"WestAfrica","baseline",11.5,"hcw_deaths_incidence",0.5975,1.2,1.6,2.1,3.605
"WestAfrica","baseline",11.5,"infections",73.8475,113.475,144,182.725,251.205
"WestAfrica","baseline",12.5,"deaths",36.2825,57.725,70.7,87.625,121.2575
"WestAfrica","baseline",12.5,"hcw_deaths",4.9975,7.175,8.9,11,17.2025
"WestAfrica","baseline",12.5,"hcw_deaths_incidence",0.8,1.5,1.95,2.6,4.2075
"WestAfrica","baseline",12.5,"infections",82.595,130.775,170.25,214.125,293.8325
"WestAfrica","baseline",13.5,"deaths",43.88,68.825,84.5,105.775,145.94
"WestAfrica","baseline",13.5,"hcw_deaths",6.595,9.075,11.6,13.975,22.4125
"WestAfrica","baseline",13.5,"hcw_deaths_incidence",0.9975,1.8,2.6,3.3,5.1025
"WestAfrica","baseline",13.5,"infections",94.6725,154.025,198.6,254.825,353.9625
"WestAfrica","baseline",14.5,"deaths",48.3925,77.55,99.95,123.625,169.6075
"WestAfrica","baseline",14.5,"hcw_deaths",7.8975,11.675,14.4,17.825,28.305
"WestAfrica","baseline",14.5,"hcw_deaths_incidence",1.1,2.2,2.9,3.9,6.505
"WestAfrica","baseline",14.5,"infections",107.2975,179.675,236.35,300.6,418.1375
"WestAfrica","baseline",15.5,"deaths",55.6625,89.7,117.65,148.65,206.745
"WestAfrica","baseline",15.5,"hcw_deaths",9.875,14.475,17.95,22,35.445
"WestAfrica","baseline",15.5,"hcw_deaths_incidence",1.3975,2.6,3.55,4.425,8.0025
"WestAfrica","baseline",15.5,"infections",127.4675,205.2,270.25,351.825,496.5425
"WestAfrica","baseline",16.5,"deaths",64.9825,103.55,139.2,173.55,244.345
"WestAfrica","baseline",16.5,"hcw_deaths",11.3,17.575,22.6,27.375,43.46
"WestAfrica","baseline",16.5,"hcw_deaths_incidence",1.7975,3.1,4.25,5.3,8.015
"WestAfrica","baseline",16.5,"infections",140.275,229.625,315.75,415.1,599.025
"WestAfrica","baseline",17.5,"deaths",72.9925,119.95,162.25,206.9,287.1625
"WestAfrica","baseline",17.5,"hcw_deaths",14.095,21.3,27.15,34.225,53.36
"WestAfrica","baseline",17.5,"hcw_deaths_incidence",2.1975,3.475,4.95,6.6,10.815
"WestAfrica","baseline",17.5,"infections",161.1625,259.85,362.8,484.925,693.755
"WestAfrica","baseline",18.5,"deaths",87.38,134.45,184.95,241.35,334.75
"WestAfrica","baseline",18.5,"hcw_deaths",17.585,25.7,32.95,41.125,65.855
"WestAfrica","baseline",18.5,"hcw_deaths_incidence",2.2975,4.175,5.8,7.7,13.005
"WestAfrica","baseline",18.5,"infections",178.185,294.675,422.65,555.2,796.1
"WestAfrica","baseline",19.5,"deaths",95.1275,154.2,209.6,279.425,396.9625
"WestAfrica","baseline",19.5,"hcw_deaths",21,30.875,39.9,50.125,83.0325
"WestAfrica","baseline",19.5,"hcw_deaths_incidence",2.6,5,7.05,9.4,14.9225
"WestAfrica","baseline",19.5,"infections",201.89,330.65,473.55,625.175,925.51
"WestAfrica","baseline",20.5,"deaths",101.09,171.6,244,319.625,458.4675
"WestAfrica","baseline",20.5,"hcw_deaths",24.09,36.65,48.05,60.95,102.7075
"WestAfrica","baseline",20.5,"hcw_deaths_incidence",3.2,5.975,8,10.85,19
"WestAfrica","baseline",20.5,"infections",221.05,371.325,529.7,716.775,1067.925
"WestAfrica","baseline",21.5,"deaths",116.4875,190.875,277.4,359,526.92
"WestAfrica","baseline",21.5,"hcw_deaths",28.39,44.025,57.75,73.625,124.5225
"WestAfrica","baseline",21.5,"hcw_deaths_incidence",3.6975,6.5,9.5,12.7,22.115
"WestAfrica","baseline",21.5,"infections",245.28,413.25,595.4,796.3,1229.8175
"WestAfrica","baseline",22.5,"deaths",132.7625,211.525,304.6,408.825,604.1575
"WestAfrica","baseline",22.5,"hcw_deaths",33.9875,51.475,68.2,87.85,151.915
"WestAfrica","baseline",22.5,"hcw_deaths_incidence",3.7,7.275,10.6,14.725,24.94
"WestAfrica","baseline",22.5,"infections",261.885,450.85,666,891.475,1355.825
"WestAfrica","baseline",23.5,"deaths",141.2725,237.475,342.3,457.325,691.6775
"WestAfrica","baseline",23.5,"hcw_deaths",38.39,60.475,79.6,104.6,181.3125
"WestAfrica","baseline",23.5,"hcw_deaths_incidence",4.3975,8.45,12.35,16.925,28.8275
"WestAfrica","baseline",23.5,"infections",282.4825,483.25,733.15,967.725,1534.015
"WestAfrica","baseline",24.5,"deaths",152.51,258,378.45,503.975,784.965
"WestAfrica","baseline",24.5,"hcw_deaths",45.18,70.2,93.9,124.55,211.365
"WestAfrica","baseline",24.5,"hcw_deaths_incidence",5.3,9.775,13.7,19.625,32.005
"WestAfrica","baseline",24.5,"infections",295.8925,525.8,797.15,1086.725,1692.8975
"WestAfrica","baseline",25.5,"deaths",161.9875,280.725,415.55,558.325,870.425
"WestAfrica","baseline",25.5,"hcw_deaths",51.4975,81.2,110.25,146.675,244.8625
"WestAfrica","baseline",25.5,"hcw_deaths_incidence",6.395,10.375,15.85,21.125,37.71
"WestAfrica","baseline",25.5,"infections",314.0375,559.1,845.7,1141.375,1842.4475
"WestAfrica","baseline",26.5,"deaths",174.3,304.15,454,611.95,965.8
"WestAfrica","baseline",26.5,"hcw_deaths",57.8975,92.5,128.3,171.05,286.785
"WestAfrica","baseline",26.5,"hcw_deaths_incidence",6.495,11.4,17.9,24.6,45.2075
"WestAfrica","baseline",26.5,"infections",327.435,580,915.7,1240.25,1907.59
"WestAfrica","baseline",27.5,"deaths",180.34,323.25,493.65,652.625,1043.675
"WestAfrica","baseline",27.5,"hcw_deaths",64.9875,103.925,147.3,197.45,335.7475
"WestAfrica","baseline",27.5,"hcw_deaths_incidence",7.0875,12.775,19.15,26.975,49.32
"WestAfrica","baseline",27.5,"infections",325.88,616.7,961.5,1318.125,1981.69
"WestAfrica","baseline",28.5,"deaths",186.6625,333.9,518.75,704.225,1118.07
"WestAfrica","baseline",28.5,"hcw_deaths",72.47,118.525,167.55,226.475,386.715
"WestAfrica","baseline",28.5,"hcw_deaths_incidence",7.695,14.375,22,29.7,51.805
"WestAfrica","baseline",28.5,"infections",318.96,629.35,982.8,1366.7,2030.7225
"WestAfrica","baseline",29.5,"deaths",190.4375,356.6,554.35,753.325,1132.6425
"WestAfrica","baseline",29.5,"hcw_deaths",79.1975,137.55,190.65,258.5,442.7675
"WestAfrica","baseline",29.5,"hcw_deaths_incidence",7.69,15.025,22.5,31.875,53.22
"WestAfrica","baseline",29.5,"infections",318.5375,636.675,998.25,1341.225,1976.215
"WestAfrica","baseline",30.5,"deaths",190.3575,362.2,570.8,787.95,1145.485
"WestAfrica","baseline",30.5,"hcw_deaths",88.86,153.6,215.55,296,498.525
"WestAfrica","baseline",30.5,"hcw_deaths_incidence",8.7825,15.3,24.45,34.8,55.4275
"WestAfrica","baseline",30.5,"infections",323.285,638.775,980.8,1326.3,2029.47
"WestAfrica","baseline",31.5,"deaths",189.14,365.75,571,775.5,1129.1675
"WestAfrica","baseline",31.5,"hcw_deaths",97.96,167.325,239.8,332.475,553.925
"WestAfrica","baseline",31.5,"hcw_deaths_incidence",8.095,15.575,25.15,35.95,54.91
"WestAfrica","baseline",31.5,"infections",302.2775,621.25,958,1277.9,1845.745
"WestAfrica","baseline",32.5,"deaths",177,364.575,560.8,769.125,1134.54
"WestAfrica","baseline",32.5,"hcw_deaths",105.3975,183.675,264.9,367.825,599.3025
"WestAfrica","baseline",32.5,"hcw_deaths_incidence",7.8925,15.8,25.25,35.525,56.315
"WestAfrica","baseline",32.5,"infections",300.27,613.1,894.85,1222,1661.2725
"WestAfrica","baseline",33.5,"deaths",178.7075,360.85,548.65,746.9,1091.465
"WestAfrica","baseline",33.5,"hcw_deaths",114.7975,200.825,294.65,400.975,639.5625
"WestAfrica","baseline",33.5,"hcw_deaths_incidence",8.58,16.15,26.4,34.1,53.605
"WestAfrica","baseline",33.5,"infections",305.3175,575.075,836.4,1150.125,1504.7075
"WestAfrica","baseline",34.5,"deaths",167.96,347.65,521.2,716.2,979.9825
"WestAfrica","baseline",34.5,"hcw_deaths",125.695,216.95,322.2,437.925,681.8175
"WestAfrica","baseline",34.5,"hcw_deaths_incidence",7.3825,15.3,25.25,33.4,50.2175
"WestAfrica","baseline",34.5,"infections",308.9225,532.6,785.7,1060.525,1435.43
"WestAfrica","baseline",35.5,"deaths",176.14,332.05,487.4,666.2,879.7125
"WestAfrica","baseline",35.5,"hcw_deaths",136.675,232.05,348.45,474.95,728.805
"WestAfrica","baseline",35.5,"hcw_deaths_incidence",7.7975,15.375,23.95,31.525,46
"WestAfrica","baseline",35.5,"infections",280.8325,494.625,716.8,916.825,1301.0675
"WestAfrica","baseline",36.5,"deaths",172.7525,305.8,455.65,609.525,814.6275
"WestAfrica","baseline",36.5,"hcw_deaths",148.87,245.4,377.1,509.375,771.9175
"WestAfrica","baseline",36.5,"hcw_deaths_incidence",7.2925,14.075,22.8,28.475,43.0075
"WestAfrica","baseline",36.5,"infections",255.215,451.325,637,817.75,1170.8825
"WestAfrica","baseline",37.5,"deaths",163.095,280.875,412.15,537.5,735.8875
"WestAfrica","baseline",37.5,"hcw_deaths",159.0475,255,397.75,532.625,806.415
"WestAfrica","baseline",37.5,"hcw_deaths_incidence",6.395,13.175,20.25,27.1,40.11
"WestAfrica","baseline",37.5,"infections",225.375,408.55,564.2,736.725,1028.5825
"WestAfrica","baseline",38.5,"deaths",142.3325,259.95,377.9,469.525,661.7525
"WestAfrica","baseline",38.5,"hcw_deaths",164.6325,264.8,413.35,551.15,833.1825
"WestAfrica","baseline",38.5,"hcw_deaths_incidence",5.995,12.45,18.4,24.3,35.145
"WestAfrica","baseline",38.5,"infections",185.3175,370.375,497,660.675,914.8425
"WestAfrica","baseline",39.5,"deaths",134.8175,234.325,321.3,419.45,577.8825
"WestAfrica","baseline",39.5,"hcw_deaths",170.095,272.225,431.1,567.575,861.37
"WestAfrica","baseline",39.5,"hcw_deaths_incidence",5.7975,11.3,16.5,21.325,31.5075
"WestAfrica","baseline",39.5,"infections",168.6025,324.65,435.65,588.45,821.5475
"WestAfrica","baseline",40.5,"deaths",108.9825,211.1,282.6,379.025,511.62
"WestAfrica","baseline",40.5,"hcw_deaths",176.735,281.075,443.6,583.5,884.715
"WestAfrica","baseline",40.5,"hcw_deaths_incidence",4.6,10,14.05,19.525,28.9225
"WestAfrica","baseline",40.5,"infections",136.245,282.975,390.05,509.75,717.085
"WestAfrica","baseline",41.5,"deaths",92.155,183.05,250.55,335.85,451.7725
"WestAfrica","baseline",41.5,"hcw_deaths",183.035,294.15,459.65,600.175,897.0025
"WestAfrica","baseline",41.5,"hcw_deaths_incidence",3.8975,8.775,12.05,16.7,25.3
"WestAfrica","baseline",41.5,"infections",120.385,245.775,333.95,435.9,609.4675
"WestAfrica","baseline",42.5,"deaths",78.4925,159.875,220.2,287.95,399.5325
"WestAfrica","baseline",42.5,"hcw_deaths",187.0125,307.475,471.9,617.65,904.6375
"WestAfrica","baseline",42.5,"hcw_deaths_incidence",3.5975,7.275,10.85,14.5,23.205
"WestAfrica","baseline",42.5,"infections",100.3875,210.05,280.95,372.975,546.3475
"WestAfrica","baseline",43.5,"deaths",68.7275,139.7,187.95,249.775,342.8
"WestAfrica","baseline",43.5,"hcw_deaths",192.2475,315.225,486.1,628.55,914.98
"WestAfrica","baseline",43.5,"hcw_deaths_incidence",3.095,6.375,9.4,13,20.8175
"WestAfrica","baseline",43.5,"infections",73.9425,175.475,240.75,325.475,490.2375
"WestAfrica","baseline",44.5,"deaths",52.9525,117.775,157.2,206.825,298.025
"WestAfrica","baseline",44.5,"hcw_deaths",195.24,322.85,498.7,638.725,922.31
"WestAfrica","baseline",44.5,"hcw_deaths_incidence",2.1,5.375,8.05,10.7,16.91
"WestAfrica","baseline",44.5,"infections",59.41,147.475,206.25,275.8,443.5575
"WestAfrica","baseline",45.5,"deaths",42.8025,98.1,132.4,181.15,266.85
"WestAfrica","baseline",45.5,"hcw_deaths",197.3325,328.9,507.35,648.225,929.395
"WestAfrica","baseline",45.5,"hcw_deaths_incidence",2,4.6,6.95,9.4,14.325
"WestAfrica","baseline",45.5,"infections",54.2,122.075,174.45,239.3,401.045
"WestAfrica","baseline",46.5,"deaths",32.795,80.9,116.6,151.25,245.8675
"WestAfrica","baseline",46.5,"hcw_deaths",199.29,334.3,513.5,653.625,937.91
"WestAfrica","baseline",46.5,"hcw_deaths_incidence",1.4,3.8,5.65,8.025,12.0025
"WestAfrica","baseline",46.5,"infections",44.8675,102.1,148,201.85,341.4825
"WestAfrica","baseline",47.5,"deaths",31.14,66.55,94.7,131.575,216.6325
"WestAfrica","baseline",47.5,"hcw_deaths",200.495,336.775,518.15,659.25,944.6575
"WestAfrica","baseline",47.5,"hcw_deaths_incidence",0.9975,3,4.7,6.7,11.6025
"WestAfrica","baseline",47.5,"infections",34.2775,81.6,125.05,167.55,301.4025
"WestAfrica","baseline",48.5,"deaths",24.6775,55.875,81.6,111.75,190.33
"WestAfrica","baseline",48.5,"hcw_deaths",202.2875,338.275,522.8,667.1,951.4125
"WestAfrica","baseline",48.5,"hcw_deaths_incidence",1,2.5,4.1,5.725,8.92750000000001
"WestAfrica","baseline",48.5,"infections",28.6925,67.775,103.1,138.1,264.545
"WestAfrica","baseline",49.5,"deaths",18.2975,44.45,69.25,90.675,164.9925
"WestAfrica","baseline",49.5,"hcw_deaths",203.1,340.075,528.6,669.775,957.93
"WestAfrica","baseline",49.5,"hcw_deaths_incidence",0.7,1.9,3.1,5.1,8.21
"WestAfrica","baseline",49.5,"infections",21.585,54.9,83.5,111.5,237.835
"WestAfrica","baseline",50.5,"deaths",16.66,37.725,56.8,76.1,144.785
"WestAfrica","baseline",50.5,"hcw_deaths",204.29,342.725,531.95,671.575,963.1925
"WestAfrica","baseline",50.5,"hcw_deaths_incidence",0.5975,1.675,2.6,4.025,7.505
"WestAfrica","baseline",50.5,"infections",18.025,45.275,72,92.725,214.8175
"WestAfrica","baseline",51.5,"deaths",12.645,30.725,45.75,61.55,123.51
"WestAfrica","baseline",51.5,"hcw_deaths",204.9925,346.55,535.5,677.9,967.555
"WestAfrica","baseline",51.5,"hcw_deaths_incidence",0.4,1.4,2.15,3.3,6.805
"WestAfrica","baseline",51.5,"infections",12.5825,35.75,58.65,78.825,187.6525
"WestAfrica","baseline",52.5,"deaths",10.35,25.275,38.5,49.7,116.9175
"WestAfrica","baseline",52.5,"hcw_deaths",205.195,348.2,538.95,682.525,971.8925
"WestAfrica","baseline",52.5,"hcw_deaths_incidence",0.2975,1,1.7,2.525,5.8
"WestAfrica","baseline",52.5,"infections",9.38,29.975,47.35,64.075,154.015
"WestAfrica","baseline",53.5,"deaths",7.195,20.1,31.7,42.675,98.9075
"WestAfrica","baseline",53.5,"hcw_deaths",205.6925,348.975,542.45,686.4,975.855
"WestAfrica","baseline",53.5,"hcw_deaths_incidence",0.3,0.9,1.4,2.3,5.11
"WestAfrica","baseline",53.5,"infections",6.6775,24.1,39.4,54.925,131.35
"WestAfrica","baseline",54.5,"deaths",4.7975,16.475,25.8,35.05,79.865
"WestAfrica","baseline",54.5,"hcw_deaths",206.18,349.65,544.45,690.025,979.345
"WestAfrica","baseline",54.5,"hcw_deaths_incidence",0.1,0.7,1.2,1.8,4.6125
"WestAfrica","baseline",54.5,"infections",4.6975,17.8,32.6,44.9,115.135
"WestAfrica","baseline",55.5,"deaths",3.585,12.9,21.3,29.925,70.9225
"WestAfrica","baseline",55.5,"hcw_deaths",206.485,350.425,546.2,693.35,980.2275
"WestAfrica","baseline",55.5,"hcw_deaths_incidence",0.0975000000000001,0.5,1,1.6,4.6025
"WestAfrica","baseline",55.5,"infections",3.99,14.55,26.85,37.725,104.8325
"WestAfrica","baseline",56.5,"deaths",2.79,10.675,17.2,24.975,61.6125
"WestAfrica","baseline",56.5,"hcw_deaths",206.59,351,547.25,695.7,981.3975
"WestAfrica","baseline",56.5,"hcw_deaths_incidence",0,0.4,0.8,1.4,3.9
"WestAfrica","baseline",56.5,"infections",3.39,12.15,21.9,32.625,91.4075
"WestAfrica","baseline",57.5,"deaths",2.195,8.075,14.05,20.25,52.8975
"WestAfrica","baseline",57.5,"hcw_deaths",207.8725,351.325,548.4,698.25,982.145
"WestAfrica","baseline",57.5,"hcw_deaths_incidence",0,0.3,0.7,1.025,3.1
"WestAfrica","baseline",57.5,"infections",1.9,9.2,18.75,27,66.6700000000001
"WestAfrica","baseline",58.5,"deaths",1.495,6.4,12.25,17.325,51.0325
"WestAfrica","baseline",58.5,"hcw_deaths",207.97,351.9,550.4,700.35,982.9775
"WestAfrica","baseline",58.5,"hcw_deaths_incidence",0,0.275,0.55,0.9,2.41
"WestAfrica","baseline",58.5,"infections",1.795,7.5,15,23.25,57.5300000000001
"WestAfrica","baseline",59.5,"deaths",1.0975,5.1,10.55,14.5,37.89
"WestAfrica","baseline",59.5,"hcw_deaths",208.0675,352.225,552.6,701.425,983.395
"WestAfrica","baseline",59.5,"hcw_deaths_incidence",0,0.2,0.5,0.8,2.1
"WestAfrica","baseline",59.5,"infections",1.49,6.6,12.3,19.075,51.9775
"WestAfrica","obv",0.5,"deaths",0,0,0,0.1,0.3
"WestAfrica","obv",0.5,"hcw_deaths",0,0,0,0,0
"WestAfrica","obv",0.5,"hcw_deaths_incidence",0,0,0,0,0
"WestAfrica","obv",0.5,"infections",30.0925,32.3,33.4,34.8,38.2025
"WestAfrica","obv",1.5,"deaths",3.6,4.3,4.75,5.2,5.8025
"WestAfrica","obv",1.5,"hcw_deaths",0,0,0,0,0
"WestAfrica","obv",1.5,"hcw_deaths_incidence",0,0,0,0,0
"WestAfrica","obv",1.5,"infections",13.695,18,20.55,23.3,29.72
"WestAfrica","obv",2.5,"deaths",9.5975,11.075,11.9,12.725,14.0025
"WestAfrica","obv",2.5,"hcw_deaths",0,0,0,0,0.1
"WestAfrica","obv",2.5,"hcw_deaths_incidence",0,0,0,0,0.1
"WestAfrica","obv",2.5,"infections",19.09,25.25,28.8,31.7,38.91
"WestAfrica","obv",3.5,"deaths",9.2925,11.7,12.9,14.4,17.2075
"WestAfrica","obv",3.5,"hcw_deaths",0,0,0,0,0.1
"WestAfrica","obv",3.5,"hcw_deaths_incidence",0,0,0,0,0.1
"WestAfrica","obv",3.5,"infections",22.0975,29.625,34.3,39.15,47.705
"WestAfrica","obv",4.5,"deaths",11.0975,14.4,16.2,17.925,22.5
"WestAfrica","obv",4.5,"hcw_deaths",0,0,0,0.1,0.2
"WestAfrica","obv",4.5,"hcw_deaths_incidence",0,0,0,0.1,0.2
"WestAfrica","obv",4.5,"infections",26.03,35,40.5,47.075,59.3525
"WestAfrica","obv",5.5,"deaths",13.2975,17.55,20.25,22.4,28.0025
"WestAfrica","obv",5.5,"hcw_deaths",0,0,0.1,0.2,0.4
"WestAfrica","obv",5.5,"hcw_deaths_incidence",0,0,0.05,0.1,0.2
"WestAfrica","obv",5.5,"infections",31.2925,41.6,49.15,56.775,74.0175
"WestAfrica","obv",6.5,"deaths",15.0975,20.6,24.3,27.925,33.63
"WestAfrica","obv",6.5,"hcw_deaths",0,0.1,0.2,0.3,0.602500000000001
"WestAfrica","obv",6.5,"hcw_deaths_incidence",0,0,0.1,0.2,0.4
"WestAfrica","obv",6.5,"infections",35.89,49,57.45,69.325,89.8625
"WestAfrica","obv",7.5,"deaths",17.89,24.45,28.65,33.425,43.1175
"WestAfrica","obv",7.5,"hcw_deaths",0,0.2,0.3,0.5,1
"WestAfrica","obv",7.5,"hcw_deaths_incidence",0,0.075,0.1,0.2,0.5
"WestAfrica","obv",7.5,"infections",41.2725,58.825,70.05,83.7,112.905
"WestAfrica","obv",8.5,"deaths",21.0875,28.85,34.45,40.825,53.8
"WestAfrica","obv",8.5,"hcw_deaths",0.1,0.4,0.5,0.7,1.3
"WestAfrica","obv",8.5,"hcw_deaths_incidence",0,0.1,0.1,0.2,0.5
"WestAfrica","obv",8.5,"infections",46.9,68.575,84.55,103.175,138.0025
"WestAfrica","obv",9.5,"deaths",23.795,34.7,40.8,48.525,63.925
"WestAfrica","obv",9.5,"hcw_deaths",0.2,0.575,0.8,1,1.8025
"WestAfrica","obv",9.5,"hcw_deaths_incidence",0,0.1,0.2,0.3,0.6
"WestAfrica","obv",9.5,"infections",54.1225,81.525,100.2,122.475,170.375
"WestAfrica","obv",10.5,"deaths",27.7975,41.625,49.1,59.95,79.205
"WestAfrica","obv",10.5,"hcw_deaths",0.4,0.8,1.05,1.4,2.205
"WestAfrica","obv",10.5,"hcw_deaths_incidence",0,0.2,0.3,0.4,0.8
"WestAfrica","obv",10.5,"infections",61.3925,95.3,117.05,147.575,205.955
"WestAfrica","obv",11.5,"deaths",32.795,47.35,58,70.725,99.71
"WestAfrica","obv",11.5,"hcw_deaths",0.6975,1.075,1.4,1.7,2.7025
"WestAfrica","obv",11.5,"hcw_deaths_incidence",0,0.2,0.3,0.5,0.8
"WestAfrica","obv",11.5,"infections",72.3525,111.425,140.05,178.775,245.4
"WestAfrica","obv",12.5,"deaths",35.7675,56.375,69.05,85.75,117.5375
"WestAfrica","obv",12.5,"hcw_deaths",0.8975,1.4,1.8,2.225,3.6
"WestAfrica","obv",12.5,"hcw_deaths_incidence",0.1,0.275,0.4,0.5,1.1
"WestAfrica","obv",12.5,"infections",80.6675,128.125,165.65,209.325,286.2875
"WestAfrica","obv",13.5,"deaths",42.69,67.25,82.5,103.475,141.6675
"WestAfrica","obv",13.5,"hcw_deaths",1.1975,1.7,2.25,2.9,4.4125
"WestAfrica","obv",13.5,"hcw_deaths_incidence",0.0975000000000001,0.3,0.5,0.7,1.3
"WestAfrica","obv",13.5,"infections",93.0675,149.1,193.9,248.325,344.435
"WestAfrica","obv",14.5,"deaths",47.2975,75.35,97.6,120.875,164.23
"WestAfrica","obv",14.5,"hcw_deaths",1.395,2.2,2.8,3.6,5.4025
"WestAfrica","obv",14.5,"hcw_deaths_incidence",0.1,0.375,0.55,0.8,1.4
"WestAfrica","obv",14.5,"infections",104.695,175.3,230.55,293.225,406.6925
"WestAfrica","obv",15.5,"deaths",54.36,87.025,114.25,145.4,201.335
"WestAfrica","obv",15.5,"hcw_deaths",1.7975,2.9,3.5,4.525,6.905
"WestAfrica","obv",15.5,"hcw_deaths_incidence",0.1975,0.5,0.7,0.925,1.8025
"WestAfrica","obv",15.5,"infections",124.48,199.5,263.55,343.25,481.8175
"WestAfrica","obv",16.5,"deaths",63.46,101.075,135.6,169.45,239.5025
"WestAfrica","obv",16.5,"hcw_deaths",2.195,3.4,4.35,5.6,8.705
"WestAfrica","obv",16.5,"hcw_deaths_incidence",0.2,0.575,0.8,1.1,1.7
"WestAfrica","obv",16.5,"infections",138.11,222.3,308.25,404.425,578.61
"WestAfrica","obv",17.5,"deaths",71.27,116.575,158.65,201.175,278.675
"WestAfrica","obv",17.5,"hcw_deaths",2.6975,4.2,5.3,6.8,10.6025
"WestAfrica","obv",17.5,"hcw_deaths_incidence",0.3,0.6,1,1.3,2.2
"WestAfrica","obv",17.5,"infections",157.7675,253,354.5,472.075,673.895
"WestAfrica","obv",18.5,"deaths",85.09,130.425,180.85,235.625,323.29
"WestAfrica","obv",18.5,"hcw_deaths",3.3975,5.1,6.45,8.3,13.2075
"WestAfrica","obv",18.5,"hcw_deaths_incidence",0.4,0.8,1.2,1.6,3
"WestAfrica","obv",18.5,"infections",173.18,287.375,411.9,540.475,769.4075
"WestAfrica","obv",19.5,"deaths",92.845,149.2,203.55,270.375,385.655
"WestAfrica","obv",19.5,"hcw_deaths",4.095,6.075,8.05,10.1,16.3025
"WestAfrica","obv",19.5,"hcw_deaths_incidence",0.3975,0.9,1.35,2,3.1075
"WestAfrica","obv",19.5,"infections",196.2625,320.65,459.55,605.925,891.43
"WestAfrica","obv",20.5,"deaths",98.68,166.75,236.95,309.9,443.26
"WestAfrica","obv",20.5,"hcw_deaths",4.7,7.275,9.7,12.4,20.3025
"WestAfrica","obv",20.5,"hcw_deaths_incidence",0.4,1.1,1.6,2.3,3.7075
"WestAfrica","obv",20.5,"infections",215.16,359.775,515.55,693.475,1025.485
"WestAfrica","obv",21.5,"deaths",113.79,185.075,269.15,349.7,506.99
"WestAfrica","obv",21.5,"hcw_deaths",5.4975,8.8,11.45,14.7,25.2025
"WestAfrica","obv",21.5,"hcw_deaths_incidence",0.5975,1.3,1.8,2.6,4.7025
"WestAfrica","obv",21.5,"infections",238.045,400.825,577.9,775.575,1187.785
"WestAfrica","obv",22.5,"deaths",128.9825,205.375,295.95,396.45,589.93
"WestAfrica","obv",22.5,"hcw_deaths",6.3,10.3,13.6,17.8,30.5
"WestAfrica","obv",22.5,"hcw_deaths_incidence",0.7,1.5,2.2,3,5.2025
"WestAfrica","obv",22.5,"infections",254.78,438.725,646.35,859.9,1312.03
"WestAfrica","obv",23.5,"deaths",137.7675,230.825,332.05,445.325,666.3575
"WestAfrica","obv",23.5,"hcw_deaths",7.395,11.8,16.3,21.025,35.7225
"WestAfrica","obv",23.5,"hcw_deaths_incidence",0.8,1.6,2.5,3.4,6.1025
"WestAfrica","obv",23.5,"infections",271.575,468.775,712.25,938.575,1479.25
"WestAfrica","obv",24.5,"deaths",148.5225,251.45,368.15,488.55,759.06
"WestAfrica","obv",24.5,"hcw_deaths",8.4925,13.975,19.2,25.35,42.105
"WestAfrica","obv",24.5,"hcw_deaths_incidence",0.7975,1.8,2.7,4,6.0175
"WestAfrica","obv",24.5,"infections",285.2,513.175,771.2,1050.875,1636.145
"WestAfrica","obv",25.5,"deaths",157.8225,271.375,406.1,540.925,840.02
"WestAfrica","obv",25.5,"hcw_deaths",9.5975,15.8,22.1,29.875,49.1075
"WestAfrica","obv",25.5,"hcw_deaths_incidence",1.1,2.1,3.2,4.325,7.7075
"WestAfrica","obv",25.5,"infections",302.23,541.8,817.8,1105.2,1771.875
"WestAfrica","obv",26.5,"deaths",169.2825,296.225,439.55,591.4,932.655
"WestAfrica","obv",26.5,"hcw_deaths",11.2,18.15,25.8,34.6,58.815
"WestAfrica","obv",26.5,"hcw_deaths_incidence",1.195,2.375,3.4,4.9,9.4025
"WestAfrica","obv",26.5,"infections",315.9325,564.725,883.1,1196.775,1832.8875
"WestAfrica","obv",27.5,"deaths",173.385,313.5,478.6,633.8,1003.265
"WestAfrica","obv",27.5,"hcw_deaths",12.595,20.6,29.45,39.225,69.105
"WestAfrica","obv",27.5,"hcw_deaths_incidence",1.2975,2.475,3.9,5.3,9.7025
"WestAfrica","obv",27.5,"infections",313.79,597.2,931.65,1268.725,1906.1525
"WestAfrica","obv",28.5,"deaths",179.55,323.6,502.6,680.375,1075.95
"WestAfrica","obv",28.5,"hcw_deaths",13.7975,24.025,34,44.65,79.14
"WestAfrica","obv",28.5,"hcw_deaths_incidence",1.495,2.9,4.3,6.2,10.405
"WestAfrica","obv",28.5,"infections",303.92,609.125,947.3,1321.85,1954.9225
"WestAfrica","obv",29.5,"deaths",184.1625,348.275,535.45,732.15,1091.53
"WestAfrica","obv",29.5,"hcw_deaths",15.6975,27.225,38.6,50.9,89.845
"WestAfrica","obv",29.5,"hcw_deaths_incidence",1.3,2.875,4.5,6.2,10.705
"WestAfrica","obv",29.5,"infections",307.22,616.8,962.8,1298.875,1914.7675
"WestAfrica","obv",30.5,"deaths",182.38,349.125,550.1,760.65,1110.755
"WestAfrica","obv",30.5,"hcw_deaths",17.3975,30.25,43.5,57.5,101.64
"WestAfrica","obv",30.5,"hcw_deaths_incidence",1.6,3.1,4.7,7,11.6
"WestAfrica","obv",30.5,"infections",311.5775,617.525,942.55,1278.3,1952.52
"WestAfrica","obv",31.5,"deaths",182.3525,354.25,551.55,749.8,1084.325
"WestAfrica","obv",31.5,"hcw_deaths",19.19,33.375,47.95,64.8,114.1375
"WestAfrica","obv",31.5,"hcw_deaths_incidence",1.4,3.2,5,7.3,11.405
"WestAfrica","obv",31.5,"infections",290.9875,598.925,919.35,1231.325,1770.99
"WestAfrica","obv",32.5,"deaths",170.6175,350.7,541,739.65,1097.3125
"WestAfrica","obv",32.5,"hcw_deaths",20.8975,36.825,53.05,71.575,120.545
"WestAfrica","obv",32.5,"hcw_deaths_incidence",1.2975,3.275,5.1,7,11.0175
"WestAfrica","obv",32.5,"infections",289.7925,594.175,852.95,1174.675,1598.24
"WestAfrica","obv",33.5,"deaths",171.0625,346.15,525.7,717.925,1049.745
"WestAfrica","obv",33.5,"hcw_deaths",22.99,40.25,59.35,78.675,127.985
"WestAfrica","obv",33.5,"hcw_deaths_incidence",1.595,3.275,5.1,7.225,11.1075
"WestAfrica","obv",33.5,"infections",295.1675,555.725,804.4,1099.1,1452.9175
"WestAfrica","obv",34.5,"deaths",163.055,337.725,500.65,690.15,938.8725
"WestAfrica","obv",34.5,"hcw_deaths",25.3875,43.55,64.95,86.175,137.5325
"WestAfrica","obv",34.5,"hcw_deaths_incidence",1.3975,3.175,4.9,6.6,10.1025
"WestAfrica","obv",34.5,"infections",298.565,511.625,753.7,1019.575,1369.3225
"WestAfrica","obv",35.5,"deaths",169.6825,320.65,466.85,640.9,846.6975
"WestAfrica","obv",35.5,"hcw_deaths",27.575,46.5,69.65,93.3,148.435
"WestAfrica","obv",35.5,"hcw_deaths_incidence",1.5975,3,4.5,6.3,9.5075
"WestAfrica","obv",35.5,"infections",270.2775,476.95,689.2,879.55,1244.045
"WestAfrica","obv",36.5,"deaths",167.4275,294.225,435.35,584.925,782.37
"WestAfrica","obv",36.5,"hcw_deaths",29.47,49.725,74.7,100.1,156.8075
"WestAfrica","obv",36.5,"hcw_deaths_incidence",1.1975,2.7,4.2,5.8,8.805
"WestAfrica","obv",36.5,"infections",245.03,431.425,608.3,790.325,1122.07
"WestAfrica","obv",37.5,"deaths",156.1475,269.725,393.55,513.8,705.13
"WestAfrica","obv",37.5,"hcw_deaths",30.4975,52.45,79.85,106.9,162.9475
"WestAfrica","obv",37.5,"hcw_deaths_incidence",1.395,2.5,3.95,5.7,8.2
"WestAfrica","obv",37.5,"infections",216.595,391,539.25,703.5,987.71
"WestAfrica","obv",38.5,"deaths",136.43,249.45,360.95,451.025,633.945
"WestAfrica","obv",38.5,"hcw_deaths",31.79,54.25,83.65,112.05,167.76
"WestAfrica","obv",38.5,"hcw_deaths_incidence",1.0975,2.5,3.7,4.7,7.2025
"WestAfrica","obv",38.5,"infections",177.945,354.225,475.15,633.75,881.6375
"WestAfrica","obv",39.5,"deaths",128.0675,225.475,306.7,406.375,552.9425
"WestAfrica","obv",39.5,"hcw_deaths",32.995,55.85,86.95,115.7,173.235
"WestAfrica","obv",39.5,"hcw_deaths_incidence",1.2,2.3,3.05,4.5,6.5025
"WestAfrica","obv",39.5,"infections",159.12,311.675,417.35,560.7,784.7725
"WestAfrica","obv",40.5,"deaths",103.985,201.65,272.35,363.8,494.335
"WestAfrica","obv",40.5,"hcw_deaths",34.4875,57.05,89.5,119.8,177.0025
"WestAfrica","obv",40.5,"hcw_deaths_incidence",0.895,2,2.9,3.8,5.805
"WestAfrica","obv",40.5,"infections",131.2075,268.975,372.25,489.525,690.2075
"WestAfrica","obv",41.5,"deaths",87.2925,175.025,240.2,321.55,434.2325
"WestAfrica","obv",41.5,"hcw_deaths",35.58,58.925,92.6,121.775,179.8375
"WestAfrica","obv",41.5,"hcw_deaths_incidence",0.5975,1.6,2.5,3.4,5.31
"WestAfrica","obv",41.5,"infections",116.0125,237.275,319.25,419.4,590.7075
"WestAfrica","obv",42.5,"deaths",76.2825,154.075,211.3,274.35,384.5075
"WestAfrica","obv",42.5,"hcw_deaths",36.6725,61.075,94.7,123.425,180.81
"WestAfrica","obv",42.5,"hcw_deaths_incidence",0.6,1.4,2.2,3.125,4.7025
"WestAfrica","obv",42.5,"infections",94.9925,202.65,269.4,358.35,530.1525
"WestAfrica","obv",43.5,"deaths",64.6625,133.7,178.3,238.375,328.8225
"WestAfrica","obv",43.5,"hcw_deaths",38.3475,62.925,96.65,125.275,181.66
"WestAfrica","obv",43.5,"hcw_deaths_incidence",0.4,1.1,1.8,2.6,4.1
"WestAfrica","obv",43.5,"infections",70.7375,168.125,228.25,313.05,471.1275
"WestAfrica","obv",44.5,"deaths",50.565,114.225,151.1,200.525,287.6075
"WestAfrica","obv",44.5,"hcw_deaths",38.55,63.8,99.45,126.4,181.915
"WestAfrica","obv",44.5,"hcw_deaths_incidence",0.3,1,1.6,2.3,3.6
"WestAfrica","obv",44.5,"infections",56.455,140.475,198.65,265.15,425.1075
"WestAfrica","obv",45.5,"deaths",41.025,93.825,126.6,174.35,257.4025
"WestAfrica","obv",45.5,"hcw_deaths",38.76,65,101.35,127.975,184.12
"WestAfrica","obv",45.5,"hcw_deaths_incidence",0.2975,0.875,1.3,1.9,3.1
"WestAfrica","obv",45.5,"infections",52.585,116.15,166.75,229.675,383.3775
"WestAfrica","obv",46.5,"deaths",32.0775,77.575,112.1,145.4,237.8425
"WestAfrica","obv",46.5,"hcw_deaths",38.97,66.625,102.95,130.1,186.195
"WestAfrica","obv",46.5,"hcw_deaths_incidence",0.1,0.675,1.1,1.6,2.6
"WestAfrica","obv",46.5,"infections",42.6475,97.625,141.4,194.875,333.28
"WestAfrica","obv",47.5,"deaths",28.775,63.75,91.4,126.05,207.025
"WestAfrica","obv",47.5,"hcw_deaths",39.4625,67.875,104.25,131.625,188.265
"WestAfrica","obv",47.5,"hcw_deaths_incidence",0.1,0.6,0.9,1.5,2.5025
"WestAfrica","obv",47.5,"infections",33.2675,78.95,119.35,161.075,294.505
"WestAfrica","obv",48.5,"deaths",23.56,53.075,78.7,107.4,183.84
"WestAfrica","obv",48.5,"hcw_deaths",39.56,68.275,105.3,132.85,189.7475
"WestAfrica","obv",48.5,"hcw_deaths_incidence",0.1,0.4,0.8,1.2,2.2025
"WestAfrica","obv",48.5,"infections",28.1875,65.55,98.9,132.025,254.37
"WestAfrica","obv",49.5,"deaths",17.5825,42.6,66,87.725,161.7075
"WestAfrica","obv",49.5,"hcw_deaths",39.8625,68.825,106,134.025,190.745
"WestAfrica","obv",49.5,"hcw_deaths_incidence",0.1,0.3,0.6,0.9,1.7025
"WestAfrica","obv",49.5,"infections",20.6925,52.875,80.55,107.05,228.9125
"WestAfrica","obv",50.5,"deaths",16.3575,36.225,54.55,72.625,137.865
"WestAfrica","obv",50.5,"hcw_deaths",39.965,69.9,106.55,135.1,191.645
"WestAfrica","obv",50.5,"hcw_deaths_incidence",0,0.3,0.5,0.8,1.6025
"WestAfrica","obv",50.5,"infections",17.6275,43.6,69.15,88.675,207.055
"WestAfrica","obv",51.5,"deaths",12.4375,29.4,44.05,58.4,117.3175
"WestAfrica","obv",51.5,"hcw_deaths",40.26,70.15,107.35,135.6,192.83
"WestAfrica","obv",51.5,"hcw_deaths_incidence",0,0.2,0.4,0.7,1.705
"WestAfrica","obv",51.5,"infections",12.185,34.65,56.15,76.625,181.2025
"WestAfrica","obv",52.5,"deaths",10.055,24.425,37.15,47.625,110.635
"WestAfrica","obv",52.5,"hcw_deaths",40.36,70.875,107.85,136.025,194.01
"WestAfrica","obv",52.5,"hcw_deaths_incidence",0,0.2,0.3,0.5,1.3
"WestAfrica","obv",52.5,"infections",9.16,29.05,45.15,61.8,143.005
"WestAfrica","obv",53.5,"deaths",6.99,19.125,30.65,40.4,93.375
"WestAfrica","obv",53.5,"hcw_deaths",40.46,71.025,108.15,136.525,194.605
"WestAfrica","obv",53.5,"hcw_deaths_incidence",0,0.1,0.3,0.5,1.0025
"WestAfrica","obv",53.5,"infections",6.3825,23.2,37.7,52.9,128.0275
"WestAfrica","obv",54.5,"deaths",4.695,16,25,33.375,76.04
"WestAfrica","obv",54.5,"hcw_deaths",40.4625,71.3,108.65,136.7,195.4925
"WestAfrica","obv",54.5,"hcw_deaths_incidence",0,0.1,0.2,0.4,0.902500000000001
"WestAfrica","obv",54.5,"infections",4.59,17.3,31.55,42.875,111.4025
"WestAfrica","obv",55.5,"deaths",3.2925,12.45,20.55,28.525,68.825
"WestAfrica","obv",55.5,"hcw_deaths",40.465,71.625,109.1,137.025,196.0775
"WestAfrica","obv",55.5,"hcw_deaths_incidence",0,0.1,0.2,0.3,0.902500000000001
"WestAfrica","obv",55.5,"infections",3.7925,13.775,25.55,36.175,102.1125
"WestAfrica","obv",56.5,"deaths",2.69,10.175,16.6,24.2,59.595
"WestAfrica","obv",56.5,"hcw_deaths",40.4725,71.725,109.7,137.25,196.77
"WestAfrica","obv",56.5,"hcw_deaths_incidence",0,0,0.2,0.3,0.705000000000001
"WestAfrica","obv",56.5,"infections",3.3875,11.65,21.25,31.05,87.9275
"WestAfrica","obv",57.5,"deaths",2.1925,7.65,13.5,19.925,51.5675
"WestAfrica","obv",57.5,"hcw_deaths",40.4725,72.075,110.05,137.325,197.16
"WestAfrica","obv",57.5,"hcw_deaths_incidence",0,0,0.1,0.2,0.6
"WestAfrica","obv",57.5,"infections",1.8,8.875,17.9,25.65,63.7825000000001
"WestAfrica","obv",58.5,"deaths",1.495,6.2,11.55,16.7,49.41
"WestAfrica","obv",58.5,"hcw_deaths",40.4825,72.15,110.2,137.475,197.455
"WestAfrica","obv",58.5,"hcw_deaths_incidence",0,0,0.1,0.2,0.6
"WestAfrica","obv",58.5,"infections",1.7925,7.275,14.4,22.225,54.6400000000001
"WestAfrica","obv",59.5,"deaths",1.0975,4.875,10,13.925,37.1725
"WestAfrica","obv",59.5,"hcw_deaths",40.4925,72.25,110.5,137.625,197.75
"WestAfrica","obv",59.5,"hcw_deaths_incidence",0,0,0.1,0.2,0.5
"WestAfrica","obv",59.5,"infections",1.49,6.3,11.8,18.475,49.49
